Num_Acc,annee,mois,jour,hrmn,éclairage,agglomeration,intersection,meteo,collision,commune,adresse,lat,long,departement,categorie_route,circulation,nombre_voies,voie_speciale,denivele,plan,largeur_terplein_central,largeur_route,surface,infra,situation,sens_circulation,obstacle_fixe,obstacle_mobile,sens_choc,manoeuvre,num_veh,place,gravite,sexe,trajet,localisation_pieton,action_pieton,annee_naissance,secu1,vitesse_max,secu2,secu3,motorisation,heure,date,age
201600023129,2016,9,24,08:20:00,Plein jour,En agglomération,Hors intersection,Normale,Deux véhicules - frontale,555,"256, RTE DE REVEL",0,0,31,Voie Communale,A chaussées séparées,2.0,Sans objet,Plat,Plat,0.0,0.0,Normale,Aucun,Sur chaussée,Inconnu,Sans objet,Véhicule,Chocs multiples (tonneaux),Traversant la chaussée,B,1,Blessé léger,Masculin,Non renseigné,Sans objet,Non renseigné ou sans objet,1974.0,Non renseigné,,Non renseigné,Non renseigné,Non renseigné,8,2016-09-24,42.0
201600023132,2016,9,29,08:45:00,Plein jour,En agglomération,Hors intersection,Normale,Deux véhicules – par le coté,555,"63, RUE DU BEARNAIS",43.61076,1.42609,31,Voie Communale,A sens unique,0.0,Sans objet,Plat,Plat,0.0,0.0,Normale,Aucun,Sur chaussée,PK ou PR ou numéro d’adresse postale croissant,Sans objet,Véhicule,Côté gauche,Changeant de file à gauche,A,1,Blessé léger,Masculin,Autre,Sans objet,Non renseigné ou sans objet,1960.0,Non renseigné,,Non renseigné,Non renseigné,Non renseigné,8,2016-09-29,56.0
201600023138,2016,10,1,13:45:00,Plein jour,En agglomération,Hors intersection,Normale,Deux véhicules – par le coté,69,"18, DE GAULLE (AV DU GEN",43.64051,1.38235,31,Voie Communale,Bidirectionnelle,0.0,Sans objet,Plat,Plat,0.0,0.0,Normale,Aucun,Sur trottoir,PK ou PR ou numéro d’adresse postale croissant,Sans objet,Véhicule,Avant,Sans changement de direction,B,1,Blessé léger,Masculin,Promenade - loisirs,Sans objet,Non renseigné ou sans objet,1964.0,Non renseigné,,Non renseigné,Non renseigné,Non renseigné,13,2016-10-01,52.0
201600023139,2016,10,3,13:10:00,Plein jour,En agglomération,Hors intersection,Normale,Deux véhicules - frontale,555,AV DES ARENES ROMAINES,43.61987,1.39677,31,Voie Communale,Bidirectionnelle,0.0,Sans objet,Plat,Plat,0.0,0.0,Normale,Aucun,Sur chaussée,PK ou PR ou numéro d’adresse postale croissant,Sans objet,Véhicule,Avant,Manœuvre d’évitement,A,1,Blessé léger,Masculin,Promenade - loisirs,Sans objet,Non renseigné ou sans objet,1937.0,Non renseigné,,Non renseigné,Non renseigné,Non renseigné,13,2016-10-03,79.0
201600023171,2016,10,12,18:20:00,Plein jour,En agglomération,Intersection en Y,Normale,Deux véhicules – par le coté,555,"999, RUE DU FAUBOURG BON",43.61604,1.45314,31,Voie Communale,Bidirectionnelle,2.0,Piste cyclable,Plat,Plat,0.0,0.0,Normale,Aucun,Sur chaussée,Inconnu,Sans objet,Véhicule,Côté gauche,Tournant à droite,B,1,Blessé léger,Masculin,Non renseigné,Sans objet,Non renseigné ou sans objet,1977.0,Casque,,Non renseigné,Non renseigné,Non renseigné,18,2016-10-12,39.0
201600023175,2016,10,15,17:50:00,Plein jour,Hors agglomération,Intersection en T,Normale,Deux véhicules – par le coté,555,"999, RUE DU FERETRA",43.57899,1.44342,31,Voie Communale,Bidirectionnelle,0.0,Sans objet,Plat,Plat,0.0,0.0,Normale,Aucun,Sur chaussée,PK ou PR ou numéro d’adresse postale croissant,Sans objet,Véhicule,Côté droit,Traversant la chaussée,B,1,Blessé léger,Masculin,Autre,Sans objet,Non renseigné ou sans objet,1940.0,Casque,,Non renseigné,Non renseigné,Non renseigné,17,2016-10-15,76.0
201600023180,2016,10,18,18:20:00,Plein jour,En agglomération,Hors intersection,Normale,Deux véhicules – par le coté,69,"999, BELLONTE (RD-PT MAU",43.6271,1.38523,31,Route Départementale,A sens unique,0.0,Sans objet,Plat,Pente,0.0,0.0,Normale,Aucun,Sur chaussée,PK ou PR ou numéro d’adresse postale croissant,Sans objet,Aucun,Arrière,Sans changement de direction,A,1,Blessé léger,Masculin,Autre,Sans objet,Non renseigné ou sans objet,1958.0,Autre,,Non renseigné,Non renseigné,Non renseigné,18,2016-10-18,58.0
201600023183,2016,10,20,07:30:00,Nuit avec éclairage public allumé,Hors agglomération,Giratoire,Normale,Deux véhicules – par le coté,555,"999, Rd Pt Firmin Pons",43.56904,1.37569,31,Voie Communale,A chaussées séparées,0.0,Sans objet,Plat,Plat,0.0,0.0,Normale,Aucun,Sur chaussée,PK ou PR ou numéro d’adresse postale croissant,Sans objet,Véhicule,Avant,Sans changement de direction,B,1,Blessé léger,Masculin,Non renseigné,Sans objet,Non renseigné ou sans objet,1988.0,Non renseigné,,Non renseigné,Non renseigné,Non renseigné,7,2016-10-20,28.0
201600023198,2016,10,28,15:35:00,Plein jour,En agglomération,Hors intersection,Normale,Deux véhicules – par le coté,555,"999, RUE DU FAUBOURG BON",43.66225,1.45334,31,Voie Communale,Bidirectionnelle,0.0,Sans objet,Plat,Plat,0.0,0.0,Normale,Aucun,Sur chaussée,PK ou PR ou numéro d’adresse postale croissant,Sans objet,Véhicule,Avant,Sans changement de direction,B,1,Blessé léger,Masculin,Promenade - loisirs,Sans objet,Non renseigné ou sans objet,1979.0,Non renseigné,,Non renseigné,Non renseigné,Non renseigné,15,2016-10-28,37.0
201600023204,2016,11,2,17:15:00,Plein jour,En agglomération,Hors intersection,Normale,Deux véhicules – par le coté,555,"60, ALL MAURICE SARRAUT",43.5911,1.42107,31,Route Départementale,Bidirectionnelle,1.0,Sans objet,Plat,Plat,0.0,0.0,Normale,Aucun,Sur chaussée,Inconnu,Sans objet,Véhicule,Avant,Inconnue,B,1,Blessé léger,Masculin,Promenade - loisirs,Sans objet,Non renseigné ou sans objet,1974.0,Non renseigné,,Non renseigné,Non renseigné,Non renseigné,17,2016-11-02,42.0
201600023208,2016,11,3,18:00:00,Crépuscule ou aube,En agglomération,Hors intersection,Normale,Deux véhicules – par le coté,555,"8, RUE LAMARCK",43.59363,1.44872,31,Voie Communale,A sens unique,0.0,Sans objet,Plat,Plat,0.0,0.0,Normale,Aucun,Sur chaussée,PK ou PR ou numéro d’adresse postale décroissant,Sans objet,Véhicule,Avant,Sans changement de direction,B,1,Blessé léger,Masculin,Autre,Sans objet,Non renseigné ou sans objet,1967.0,Gilet réfléchissant,,Non renseigné,Non renseigné,Non renseigné,18,2016-11-03,49.0
201600023212,2016,11,4,19:23:00,Nuit sans éclairage public,Hors agglomération,Hors intersection,Normale,Deux véhicules - frontale,555,"999, RUE ELLA MAILLART",43.59772,1.41056,31,Voie Communale,Bidirectionnelle,0.0,Voie réservée,Plat,Plat,0.0,0.0,Normale,Aucun,Sur piste cyclable,PK ou PR ou numéro d’adresse postale décroissant,Sans objet,Véhicule,Avant,Sans changement de direction,B,1,Indemne,Masculin,Promenade - loisirs,Sans objet,Non renseigné ou sans objet,1978.0,Non renseigné,,Non renseigné,Non renseigné,Non renseigné,19,2016-11-04,38.0
201600023221,2016,11,9,06:25:00,Nuit avec éclairage public allumé,En agglomération,Hors intersection,Pluie forte,Deux véhicules – par l’arrière,555,"999, RTE DE LAUNAGUET",43.63671,1.43912,31,Voie Communale,Bidirectionnelle,2.0,Sans objet,Plat,Sommet de côte,0.0,0.0,Normale,Aucun,Sur chaussée,Inconnu,Sans objet,Véhicule,Avant,Sans changement de direction,A,1,Blessé léger,Masculin,Domicile - travail,Sans objet,Non renseigné ou sans objet,1984.0,Non renseigné,,Non renseigné,Non renseigné,Non renseigné,6,2016-11-09,32.0
201600023231,2016,11,15,07:30:00,Plein jour,En agglomération,Intersection en T,Normale,Deux véhicules – par le coté,555,"72, AV DE RANGUEIL",43.57351,1.4589,31,Voie Communale,Bidirectionnelle,0.0,Sans objet,Plat,Plat,0.0,0.0,Normale,Aucun,Sur chaussée,PK ou PR ou numéro d’adresse postale croissant,Sans objet,Véhicule,Avant,Sans changement de direction,B,1,Blessé léger,Masculin,Autre,Sans objet,Non renseigné ou sans objet,1987.0,Non renseigné,,Non renseigné,Non renseigné,Non renseigné,7,2016-11-15,29.0
201600023232,2016,11,15,21:25:00,Nuit avec éclairage public allumé,En agglomération,Intersection en T,Normale,Deux véhicules - frontale,555,"999, RUE DU PONT GUILHEM",43.60069,1.45606,31,Voie Communale,A sens unique,3.0,Sans objet,Pente,Plat,0.0,0.0,Normale,Aucun,Sur chaussée,Inconnu,Sans objet,Véhicule,Aucun,Inconnue,B,1,Blessé léger,Masculin,Non renseigné,Sans objet,Non renseigné ou sans objet,1974.0,Casque,,Non renseigné,Non renseigné,Non renseigné,21,2016-11-15,42.0
201600023249,2016,11,24,13:20:00,Plein jour,En agglomération,Hors intersection,Normale,Deux véhicules - frontale,555,"8, BD DEODAT DE SEVERAC",43.58668,1.42614,31,Voie Communale,Bidirectionnelle,0.0,Piste cyclable,Plat,Plat,0.0,0.0,Normale,Aucun,Sur chaussée,PK ou PR ou numéro d’adresse postale croissant,Sans objet,Véhicule,Avant droit,Sans changement de direction,A,1,Blessé hospitalisé,Masculin,Autre,Sans objet,Non renseigné ou sans objet,1969.0,Non renseigné,,Non renseigné,Non renseigné,Non renseigné,13,2016-11-24,47.0
201600023260,2016,11,29,18:25:00,Nuit avec éclairage public allumé,En agglomération,Intersection en X,Normale,Deux véhicules - frontale,555,"999, RUE D ALSACE LORRAI",43.6049,1.44567,31,Voie Communale,A sens unique,1.0,Sans objet,Plat,Plat,0.0,0.0,Normale,Aucun,Sur chaussée,Inconnu,Sans objet,Véhicule,Aucun,Sans changement de direction,B,1,Indemne,Masculin,Non renseigné,Sans objet,Non renseigné ou sans objet,1990.0,Non renseigné,,Non renseigné,Non renseigné,Non renseigné,18,2016-11-29,26.0
201600023260,2016,11,29,18:25:00,Nuit avec éclairage public allumé,En agglomération,Intersection en X,Normale,Deux véhicules - frontale,555,"999, RUE D ALSACE LORRAI",43.6049,1.44567,31,Voie Communale,A sens unique,1.0,Sans objet,Plat,Plat,0.0,0.0,Normale,Aucun,Sur chaussée,Inconnu,Sans objet,Véhicule,Aucun,Sans changement de direction,A,1,Blessé hospitalisé,Féminin,Non renseigné,Sans objet,Non renseigné ou sans objet,1985.0,Non renseigné,,Non renseigné,Non renseigné,Non renseigné,18,2016-11-29,31.0
201600023262,2016,11,30,10:20:00,Plein jour,En agglomération,Hors intersection,Normale,Deux véhicules - frontale,557,"24, DURANCE (RUE DE LA)",43.57944,1.31947,31,Voie Communale,Bidirectionnelle,2.0,Sans objet,Plat,Sommet de côte,0.0,0.0,Normale,Aucun,Sur chaussée,Inconnu,Sans objet,Véhicule,Avant,Déporté à gauche,A,1,Blessé léger,Masculin,Non renseigné,Sans objet,Non renseigné ou sans objet,2004.0,Non renseigné,,Non renseigné,Non renseigné,Non renseigné,10,2016-11-30,12.0
201600023264,2016,12,1,18:25:00,Nuit avec éclairage public allumé,En agglomération,Hors intersection,Normale,Deux véhicules – par le coté,555,"292, RTE DE SEYSSES",43.57329,1.41909,31,Voie Communale,Bidirectionnelle,2.0,Piste cyclable,Plat,Plat,0.0,0.0,Normale,Aucun,Sur chaussée,Inconnu,Sans objet,Véhicule,Côté gauche,Sans changement de direction,B,1,Blessé léger,Féminin,Promenade - loisirs,Sans objet,Non renseigné ou sans objet,1969.0,Non renseigné,,Non renseigné,Non renseigné,Non renseigné,18,2016-12-01,47.0
201600023279,2016,12,6,14:00:00,Plein jour,En agglomération,Hors intersection,Normale,Deux véhicules - frontale,555,"3, ALL PAUL FEUGA",43.59245,1.44281,31,Voie Communale,Bidirectionnelle,2.0,Sans objet,Plat,Plat,0.0,0.0,Normale,Aucun,Sur chaussée,Inconnu,Sans objet,Véhicule,Aucun,Inconnue,B,1,Blessé hospitalisé,Masculin,Non renseigné,Sans objet,Non renseigné ou sans objet,2002.0,Non renseigné,,Non renseigné,Non renseigné,Non renseigné,14,2016-12-06,14.0
201600023287,2016,12,11,10:10:00,Plein jour,En agglomération,Hors intersection,Normale,Deux véhicules – par le coté,555,"148 bis, BD DE SUISSE",43.62027,1.42422,31,Voie Communale,Bidirectionnelle,2.0,Sans objet,Plat,Plat,0.0,0.0,Normale,Aucun,Sur chaussée,PK ou PR ou numéro d’adresse postale croissant,Sans objet,Véhicule,Côté gauche,Traversant la chaussée,A,1,Blessé léger,Féminin,Autre,Sans objet,Non renseigné ou sans objet,1987.0,Casque,,Non renseigné,Non renseigné,Non renseigné,10,2016-12-11,29.0
201600023292,2016,12,14,19:35:00,Nuit avec éclairage public allumé,En agglomération,Intersection en X,Normale,Deux véhicules – par le coté,555,"999, AV EMMANUEL MAIGNAN",43.61682,1.43403,31,Voie Communale,A sens unique,0.0,Sans objet,Plat,Plat,0.0,0.0,Normale,Aucun,Sur chaussée,PK ou PR ou numéro d’adresse postale décroissant,Sans objet,Véhicule,Avant,Sans changement de direction,B,1,Blessé léger,Masculin,Autre,Sans objet,Non renseigné ou sans objet,1995.0,Non renseigné,,Non renseigné,Non renseigné,Non renseigné,19,2016-12-14,21.0
201600023448,2016,11,29,16:05:00,Plein jour,Hors agglomération,Intersection en T,Normale,Trois véhicules et plus – en chaîne,29,D18,43.52587,1.68122,31,Route Départementale,Bidirectionnelle,2.0,Sans objet,Plat,Non renseigné,5.0,410.0,Normale,Non renseigné,Non renseigné,PK ou PR ou numéro d’adresse postale décroissant,Sans objet,Véhicule,Avant,Sans changement de direction,C,1,Blessé léger,Masculin,Promenade - loisirs,Sans objet,Non renseigné ou sans objet,1956.0,Casque,,Non renseigné,Non renseigné,Non renseigné,16,2016-11-29,60.0
201600023448,2016,11,29,16:05:00,Plein jour,Hors agglomération,Intersection en T,Normale,Trois véhicules et plus – en chaîne,29,D18,43.52587,1.68122,31,Route Départementale,Bidirectionnelle,2.0,Sans objet,Plat,Non renseigné,5.0,410.0,Normale,Non renseigné,Non renseigné,Inconnu,Sans objet,Véhicule,Avant,Inconnue,B,1,Blessé hospitalisé,Masculin,Promenade - loisirs,Sans objet,Non renseigné ou sans objet,1956.0,Casque,,Non renseigné,Non renseigné,Non renseigné,16,2016-11-29,60.0
201600023455,2016,10,29,12:15:00,Plein jour,En agglomération,Hors intersection,Normale,Deux véhicules – par le coté,113,Rue Jean Gironis,43.51495,1.49275,31,Voie Communale,A sens unique,1.0,Sans objet,Plat,Plat,0.0,0.0,Normale,Aucun,Sur chaussée,Inconnu,Sans objet,Véhicule,Avant,Sans changement de direction,B,1,Blessé hospitalisé,Masculin,Promenade - loisirs,Sans objet,Non renseigné ou sans objet,1966.0,Casque,,Non renseigné,Non renseigné,Non renseigné,12,2016-10-29,50.0
201700001608,2017,2,4,19:04:00,Crépuscule ou aube,Hors agglomération,Hors intersection,Pluie forte,Deux véhicules – par l’arrière,438,N224,43.64225,1.15961,31,Route nationale,Bidirectionnelle,2.0,Sans objet,Plat,Plat,0.0,80.0,Mouillée,Aucun,Sur chaussée,PK ou PR ou numéro d’adresse postale croissant,Sans objet,Aucun,Arrière,"Même sens, même file",B,1,Blessé hospitalisé,Masculin,Promenade - loisirs,Sans objet,Non renseigné ou sans objet,1971.0,Casque,,Non renseigné,Non renseigné,Non renseigné,19,2017-02-04,46.0
201700001638,2017,4,29,10:55:00,Plein jour,En agglomération,Intersection en T,Normale,Deux véhicules – par le coté,381,En Rouzaud rd 813,43.45497,1.5831,31,Route Départementale,Bidirectionnelle,2.0,Sans objet,Non renseigné,Plat,0.0,1,Normale,Aucun,Sur chaussée,PK ou PR ou numéro d’adresse postale croissant,Sans objet,Véhicule,Avant,Sans changement de direction,B,1,Blessé hospitalisé,Masculin,Promenade - loisirs,Sans objet,Non renseigné ou sans objet,1987.0,Casque,,Non renseigné,Non renseigné,Non renseigné,10,2017-04-29,30.0
201700001640,2017,6,22,23:25:00,Nuit sans éclairage public,Hors agglomération,Hors intersection,Normale,Trois véhicules et plus - collisions multiples,366,Lieu-dit La Tour,43.46177,1.50758,31,Route Départementale,Bidirectionnelle,2.0,Sans objet,Plat,Plat,0.0,60.0,Normale,Aucun,Sur chaussée,PK ou PR ou numéro d’adresse postale décroissant,Sans objet,Animal domestique,Avant,Déporté à droite,B,1,Blessé léger,Masculin,Promenade - loisirs,Sans objet,Non renseigné ou sans objet,1969.0,Gilet réfléchissant,,Non renseigné,Non renseigné,Non renseigné,23,2017-06-22,48.0
201700001640,2017,6,22,23:25:00,Nuit sans éclairage public,Hors agglomération,Hors intersection,Normale,Trois véhicules et plus - collisions multiples,366,Lieu-dit La Tour,43.46177,1.50758,31,Route Départementale,Bidirectionnelle,2.0,Sans objet,Plat,Plat,0.0,60.0,Normale,Aucun,Sur chaussée,PK ou PR ou numéro d’adresse postale décroissant,Sans objet,Aucun,Aucun,A contresens,C,1,Blessé hospitalisé,Féminin,Promenade - loisirs,Sans objet,Non renseigné ou sans objet,1984.0,Gilet réfléchissant,,Non renseigné,Non renseigné,Non renseigné,23,2017-06-22,33.0
201700001640,2017,6,22,23:25:00,Nuit sans éclairage public,Hors agglomération,Hors intersection,Normale,Trois véhicules et plus - collisions multiples,366,Lieu-dit La Tour,43.46177,1.50758,31,Route Départementale,Bidirectionnelle,2.0,Sans objet,Plat,Plat,0.0,60.0,Normale,Aucun,Sur chaussée,PK ou PR ou numéro d’adresse postale décroissant,Sans objet,Aucun,Aucun,A contresens,D,1,Indemne,Féminin,Promenade - loisirs,Sans objet,Non renseigné ou sans objet,2005.0,Gilet réfléchissant,,Non renseigné,Non renseigné,Non renseigné,23,2017-06-22,12.0
201700001640,2017,6,22,23:25:00,Nuit sans éclairage public,Hors agglomération,Hors intersection,Normale,Trois véhicules et plus - collisions multiples,366,Lieu-dit La Tour,43.46177,1.50758,31,Route Départementale,Bidirectionnelle,2.0,Sans objet,Plat,Plat,0.0,60.0,Normale,Aucun,Sur chaussée,PK ou PR ou numéro d’adresse postale décroissant,Sans objet,Véhicule,Côté droit,A contresens,E,1,Indemne,Féminin,Promenade - loisirs,Sans objet,Non renseigné ou sans objet,1984.0,Gilet réfléchissant,,Non renseigné,Non renseigné,Non renseigné,23,2017-06-22,33.0
201700016227,2017,8,8,07:00:00,Plein jour,Hors agglomération,Hors intersection,Normale,Deux véhicules – par l’arrière,232,route de launac,43.76541,1.25525,31,Route Départementale,Bidirectionnelle,2.0,Sans objet,Plat,Plat,0.0,0.0,Normale,Aucun,Sur chaussée,PK ou PR ou numéro d’adresse postale croissant,Sans objet,Véhicule,Arrière,Sans changement de direction,B,1,Blessé hospitalisé,Masculin,Domicile - travail,Sans objet,Non renseigné ou sans objet,1963.0,Casque,,Non renseigné,Non renseigné,Non renseigné,7,2017-08-08,54.0
201700016267,2017,10,3,06:50:00,Crépuscule ou aube,Hors agglomération,Hors intersection,Normale,Deux véhicules – par l’arrière,399,ROUTE DE LONGAGES,43.35575,1.26971,31,Route Départementale,Bidirectionnelle,2.0,Sans objet,Plat,Plat,0.0,50.0,Mouillée,Aucun,Sur chaussée,PK ou PR ou numéro d’adresse postale décroissant,Sans objet,Véhicule,Arrière,Sans changement de direction,B,1,Blessé hospitalisé,Masculin,Domicile - travail,Sans objet,Non renseigné ou sans objet,1996.0,Non renseigné,,Non renseigné,Non renseigné,Non renseigné,6,2017-10-03,21.0
201700016270,2017,3,21,18:05:00,Plein jour,En agglomération,Intersection en T,Normale,Autre collision,135,6 rue louis blanc,43.20697,1.08726,31,Voie Communale,Bidirectionnelle,2.0,Sans objet,Sommet de côte,Plat,0.0,1,Normale,Aucun,Sur chaussée,Inconnu,Sans objet,Piéton,Avant,Tournant à droite,A,1,Indemne,Masculin,Domicile - travail,Sans objet,Non renseigné ou sans objet,1983.0,Non renseigné,,Non renseigné,Non renseigné,Non renseigné,18,2017-03-21,34.0
201700016270,2017,3,21,18:05:00,Plein jour,En agglomération,Intersection en T,Normale,Autre collision,135,6 rue louis blanc,43.20697,1.08726,31,Voie Communale,Bidirectionnelle,2.0,Sans objet,Sommet de côte,Plat,0.0,1,Normale,Aucun,Sur chaussée,Inconnu,Sans objet,Piéton,Avant,Tournant à droite,A,3,Blessé hospitalisé,Féminin,Promenade - loisirs,A + 50 m du passage piéton,Masqué,1928.0,Non renseigné,,Non renseigné,Non renseigné,Non renseigné,18,2017-03-21,89.0
201700016272,2017,8,13,14:00:00,Plein jour,Hors agglomération,Hors intersection,Normale,Sans collision,349,impasse de la tuilerie,43.26043,1.02441,31,Route Départementale,Bidirectionnelle,2.0,Sans objet,Pente,Pente,0.0,34.0,Autre,Aucun,Sur accotement,PK ou PR ou numéro d’adresse postale croissant,Arbre,Aucun,Chocs multiples (tonneaux),Tournant à gauche,A,1,Blessé hospitalisé,Masculin,Promenade - loisirs,Sans objet,Non renseigné ou sans objet,1952.0,Casque,,Non renseigné,Non renseigné,Non renseigné,14,2017-08-13,65.0
201700016280,2017,3,2,13:50:00,Plein jour,Hors agglomération,Giratoire,Normale,Deux véhicules – par le coté,188,carrefour des CD 37/65 e,43.55668,1.18,31,Route Départementale,Avec voies d’affectation variable,2.0,Sans objet,Plat,Non renseigné,6.0,15.0,Normale,Non renseigné,Non renseigné,PK ou PR ou numéro d’adresse postale croissant,Sans objet,Véhicule,Arrière droit,Tournant à gauche,B,1,Blessé hospitalisé,Masculin,Promenade - loisirs,Sans objet,Non renseigné ou sans objet,1972.0,Casque,,Non renseigné,Non renseigné,Non renseigné,13,2017-03-02,45.0
201700016296,2017,4,8,11:15:00,Plein jour,En agglomération,Hors intersection,Normale,Sans collision,539,RD34b,43.14783,0.5473,31,Route Départementale,Bidirectionnelle,2.0,Sans objet,Plat,Plat,0.0,35.0,Normale,Aucun,Sur accotement,PK ou PR ou numéro d’adresse postale décroissant,Autre obstacle fixe sur trottoir ou accotement,Animal domestique,Aucun,Sans changement de direction,A,1,Tué,Masculin,Non renseigné,Sans objet,Non renseigné ou sans objet,1938.0,Gilet réfléchissant,,Non renseigné,Non renseigné,Non renseigné,11,2017-04-08,79.0
201700016303,2017,8,12,18:30:00,Plein jour,En agglomération,Hors intersection,Normale,Deux véhicules – par l’arrière,31,D 817,43.09503,0.58927,31,Route Départementale,Bidirectionnelle,2.0,Sans objet,Sommet de côte,Plat,0.0,35.0,Normale,Aucun,Sur chaussée,PK ou PR ou numéro d’adresse postale croissant,Sans objet,Véhicule,Arrière,Sans changement de direction,B,1,Blessé hospitalisé,Masculin,Promenade - loisirs,Sans objet,Non renseigné ou sans objet,1960.0,Casque,,Non renseigné,Non renseigné,Non renseigné,18,2017-08-12,57.0
201700016311,2017,4,13,14:50:00,Plein jour,Hors agglomération,Hors intersection,Normale,Deux véhicules – par le coté,177,RN 125,42.92472,0.68083,31,Route nationale,Bidirectionnelle,2.0,Sans objet,Plat,Plat,0.0,69.0,Normale,Aucun,Sur chaussée,PK ou PR ou numéro d’adresse postale décroissant,Sans objet,Véhicule,Côté gauche,Sans changement de direction,B,1,Blessé hospitalisé,Masculin,Promenade - loisirs,Sans objet,Non renseigné ou sans objet,1959.0,Casque,,Non renseigné,Non renseigné,Non renseigné,14,2017-04-13,58.0
201700016313,2017,6,8,10:10:00,Plein jour,En agglomération,Hors intersection,Normale,Deux véhicules – par le coté,17,RN 125,42.88299,0.71571,31,Route nationale,Bidirectionnelle,2.0,Sans objet,Plat,Plat,56.0,0.0,Normale,Aucun,Sur chaussée,PK ou PR ou numéro d’adresse postale croissant,Sans objet,Véhicule,Avant,Sans changement de direction,B,1,Blessé hospitalisé,Féminin,Promenade - loisirs,Sans objet,Non renseigné ou sans objet,1975.0,Casque,,Non renseigné,Non renseigné,Non renseigné,10,2017-06-08,42.0
201700016352,2017,1,2,09:30:00,Plein jour,En agglomération,Intersection en T,Brouillard - fumée,Deux véhicules – par le coté,451,10 chemin des vignes,43.44756,1.99667,31,Voie Communale,Bidirectionnelle,1.0,Sans objet,Non renseigné,Plat,0.0,1,Mouillée,Aucun,Sur chaussée,Inconnu,Sans objet,Véhicule,Côté droit,Tournant à droite,A,1,Blessé léger,Masculin,Domicile - travail,Sans objet,Non renseigné ou sans objet,2000.0,Non renseigné,,Non renseigné,Non renseigné,Non renseigné,9,2017-01-02,17.0
201700016359,2017,6,11,19:40:00,Plein jour,Hors agglomération,Hors intersection,Normale,Deux véhicules – par le coté,571,départementale D11,43.58887,1.76799,31,Route Départementale,Bidirectionnelle,2.0,Sans objet,Plat,Non renseigné,7.0,415.0,Normale,Aucun,Aucun,PK ou PR ou numéro d’adresse postale croissant,Sans objet,Véhicule,Avant,Inconnue,B,1,Blessé hospitalisé,Masculin,Promenade - loisirs,Sans objet,Non renseigné ou sans objet,1970.0,Non renseigné,,Non renseigné,Non renseigné,Non renseigné,19,2017-06-11,47.0
201700016360,2017,6,12,14:00:00,Plein jour,Hors agglomération,Hors intersection,Normale,Deux véhicules – par l’arrière,451,En Geysse,43.49886,2.04564,31,Route Départementale,Bidirectionnelle,2.0,Sans objet,Pente,Sommet de côte,0.0,78.0,Normale,Aucun,Sur chaussée,PK ou PR ou numéro d’adresse postale croissant,Sans objet,Véhicule,Arrière,Sans changement de direction,B,1,Blessé hospitalisé,Masculin,Promenade - loisirs,Sans objet,Non renseigné ou sans objet,1949.0,Casque,,Non renseigné,Non renseigné,Non renseigné,14,2017-06-12,68.0
201700016364,2017,10,4,17:20:00,Plein jour,En agglomération,Hors intersection,Normale,Deux véhicules – par le coté,451,rue eugene delacroix-Rou,43.46262,1.99769,31,Voie Communale,Bidirectionnelle,2.0,Sans objet,Plat,Non renseigné,0.0,10.0,Normale,Non renseigné,Non renseigné,Inconnu,Sans objet,Véhicule,Avant,Traversant la chaussée,B,1,Blessé hospitalisé,Masculin,Courses - achats,Sans objet,Non renseigné ou sans objet,2004.0,Casque,,Non renseigné,Non renseigné,Non renseigné,17,2017-10-04,13.0