Num_Acc,annee,mois,jour,hrmn,éclairage,agglomeration,intersection,meteo,collision,commune,adresse,lat,long,departement,categorie_route,circulation,nombre_voies,voie_speciale,denivele,plan,largeur_terplein_central,largeur_route,surface,infra,situation,sens_circulation,obstacle_fixe,obstacle_mobile,sens_choc,manoeuvre,num_veh,place,gravite,sexe,trajet,localisation_pieton,action_pieton,annee_naissance,secu1,vitesse_max,secu2,secu3,motorisation,heure,date,age
201700024875,2017,8,31,18:15:00,Plein jour,En agglomération,Hors intersection,Temps couvert,Autre collision,555,"48, ALL JEAN JAURES",43.60678,1.45079,31,Autre,A chaussées séparées,2.0,Sans objet,Pente,Plat,0.0,0.0,Normale,Aucun,Sur trottoir,PK ou PR ou numéro d’adresse postale décroissant,Sans objet,Piéton,Avant,Sans changement de direction,A,1,Indemne,Masculin,Promenade - loisirs,Sans objet,Non renseigné ou sans objet,2002.0,Non renseigné,,Non renseigné,Non renseigné,Non renseigné,18,2017-08-31,15.0
201700024875,2017,8,31,18:15:00,Plein jour,En agglomération,Hors intersection,Temps couvert,Autre collision,555,"48, ALL JEAN JAURES",43.60678,1.45079,31,Autre,A chaussées séparées,2.0,Sans objet,Pente,Plat,0.0,0.0,Normale,Aucun,Sur trottoir,PK ou PR ou numéro d’adresse postale décroissant,Sans objet,Piéton,Avant,Sans changement de direction,A,3,Blessé léger,Féminin,Domicile - travail,Sur trottoir,Autre,1959.0,Non renseigné,,Non renseigné,Non renseigné,Non renseigné,18,2017-08-31,58.0
201700024886,2017,9,8,14:25:00,Plein jour,En agglomération,Hors intersection,Normale,Deux véhicules – par le coté,555,"999, AV DE CASSELARDIT",43.61338,1.40152,31,Route Départementale,Bidirectionnelle,2.0,Sans objet,Plat,Pente,0.0,0.0,Normale,Aucun,Sur chaussée,Inconnu,Sans objet,Véhicule,Arrière,Sans changement de direction,B,1,Blessé léger,Masculin,Non renseigné,Sans objet,Non renseigné ou sans objet,1984.0,Non renseigné,,Non renseigné,Non renseigné,Non renseigné,14,2017-09-08,33.0
201700024892,2017,9,11,08:50:00,Plein jour,En agglomération,Hors intersection,Normale,Deux véhicules – par le coté,555,"999, AV YVES BRUNAUD",43.64167,1.44892,31,Route Départementale,A chaussées séparées,5.0,Piste cyclable,Plat,Sommet de côte,0.0,0.0,Normale,Aucun,Sur chaussée,Inconnu,Sans objet,Véhicule,Avant,Sans changement de direction,B,1,Blessé léger,Masculin,Non renseigné,Sans objet,Non renseigné ou sans objet,1983.0,Non renseigné,,Non renseigné,Non renseigné,Non renseigné,8,2017-09-11,34.0
201700024896,2017,9,12,07:45:00,Plein jour,En agglomération,Hors intersection,Normale,Autre collision,555,"124, RTE DE SEYSSES",43.55765,1.40172,31,Route Départementale,Bidirectionnelle,2.0,Sans objet,Plat,Plat,0.0,0.0,Normale,Aucun,Sur chaussée,Inconnu,Sans objet,Véhicule,Avant gauche,Sans changement de direction,B,1,Blessé léger,Masculin,Non renseigné,Sans objet,Non renseigné ou sans objet,1977.0,Non renseigné,,Non renseigné,Non renseigné,Non renseigné,7,2017-09-12,40.0
201700024898,2017,9,13,08:00:00,Plein jour,En agglomération,Hors intersection,Normale,Deux véhicules - frontale,557,"33, LICORNE (RUE DE LA)",43.5945,1.31828,31,Voie Communale,Non renseigné,1.0,Sans objet,Plat,Plat,0.0,0.0,Normale,Aucun,Sur chaussée,Inconnu,Sans objet,Véhicule,Arrière,Sans changement de direction,B,1,Blessé léger,Masculin,Utilisation professionnelle,Sans objet,Non renseigné ou sans objet,1968.0,Casque,,Non renseigné,Non renseigné,Non renseigné,8,2017-09-13,49.0
201700024900,2017,9,13,04:55:00,Nuit avec éclairage public allumé,En agglomération,Intersection en T,Normale,Deux véhicules – par le coté,149,"999, ROND POINT JUPITER",43.60466,1.30726,31,Route Départementale,Bidirectionnelle,2.0,Sans objet,Plat,Plat,0.0,0.0,Normale,Aucun,Sur chaussée,Inconnu,Sans objet,Véhicule,Aucun,Sans changement de direction,B,1,Blessé léger,Masculin,Non renseigné,Sans objet,Non renseigné ou sans objet,1984.0,Gilet réfléchissant,,Non renseigné,Non renseigné,Non renseigné,4,2017-09-13,33.0
201700024915,2017,9,18,17:50:00,Plein jour,En agglomération,Intersection en X,Normale,Deux véhicules – par le coté,555,"999, AV FREDERIC ESTEBE",43.62375,1.4369,31,Voie Communale,A sens unique,1.0,Piste cyclable,Plat,Plat,0.0,0.0,Normale,Aucun,Sur chaussée,PK ou PR ou numéro d’adresse postale croissant,Sans objet,Véhicule,Avant,A contresens,B,1,Blessé léger,Masculin,Domicile - travail,Sans objet,Non renseigné ou sans objet,1986.0,Non renseigné,,Non renseigné,Non renseigné,Non renseigné,17,2017-09-18,31.0
201700024922,2017,9,20,14:15:00,Plein jour,En agglomération,Hors intersection,Normale,Deux véhicules – par le coté,555,"32, CHE DU PRAT LONG",43.62572,1.42262,31,Voie Communale,Bidirectionnelle,2.0,Sans objet,Plat,Plat,0.0,0.0,Normale,Aucun,Sur chaussée,PK ou PR ou numéro d’adresse postale croissant,Sans objet,Véhicule,Côté gauche,Sans changement de direction,A,1,Blessé léger,Masculin,Non renseigné,Sans objet,Non renseigné ou sans objet,1957.0,Casque,,Non renseigné,Non renseigné,Non renseigné,14,2017-09-20,60.0
201700024924,2017,9,21,21:20:00,Nuit avec éclairage public allumé,En agglomération,Intersection en T,Normale,Deux véhicules - frontale,555,"999, RUE DE LA MARTINIQU",43.58055,1.41025,31,Voie Communale,Bidirectionnelle,2.0,Sans objet,Plat,Plat,0.0,0.0,Normale,Aucun,Sur chaussée,PK ou PR ou numéro d’adresse postale croissant,Sans objet,Véhicule,Avant,Sans changement de direction,B,1,Blessé léger,Masculin,Autre,Sans objet,Non renseigné ou sans objet,1997.0,Non renseigné,,Non renseigné,Non renseigné,Non renseigné,21,2017-09-21,20.0
201700024925,2017,9,22,18:35:00,Plein jour,En agglomération,Hors intersection,Normale,Deux véhicules – par le coté,555,"15, CHEM LOUIS AURIACOMB",43.56971,1.40407,31,Voie Communale,A sens unique,1.0,Sans objet,Plat,Plat,0.0,0.0,Normale,Aucun,Sur chaussée,PK ou PR ou numéro d’adresse postale croissant,Sans objet,Véhicule,Côté droit,Sans changement de direction,B,1,Blessé léger,Masculin,Promenade - loisirs,Sans objet,Non renseigné ou sans objet,1997.0,Non renseigné,,Non renseigné,Non renseigné,Non renseigné,18,2017-09-22,20.0
201700024927,2017,9,23,12:40:00,Plein jour,En agglomération,Hors intersection,Normale,Deux véhicules – par le coté,555,"37, RUE DE METZ",43.6006,1.44932,31,Voie Communale,Bidirectionnelle,3.0,Voie réservée,Plat,Plat,0.0,0.0,Normale,Aucun,Sur chaussée,Inconnu,Sans objet,Véhicule,Aucun,Sans changement de direction,B,1,Blessé hospitalisé,Masculin,Non renseigné,Sans objet,Non renseigné ou sans objet,1996.0,Casque,,Non renseigné,Non renseigné,Non renseigné,12,2017-09-23,21.0
201700024945,2017,9,29,13:50:00,Plein jour,En agglomération,Intersection en X,Normale,Deux véhicules – par le coté,555,"999, PONT DES MINIMES",43.61603,1.43721,31,Voie Communale,A sens unique,2.0,Sans objet,Plat,Plat,0.0,1,Normale,Aucun,Sur chaussée,Inconnu,Sans objet,Véhicule,Arrière gauche,Sans changement de direction,B,1,Blessé léger,Féminin,Non renseigné,Sans objet,Non renseigné ou sans objet,1993.0,Casque,,Non renseigné,Non renseigné,Non renseigné,13,2017-09-29,24.0
201700024949,2017,10,2,15:50:00,Plein jour,En agglomération,Intersection en X,Normale,Deux véhicules – par le coté,555,"999, RUE D ALSACE LORRAI",43.60613,1.44569,31,Voie Communale,Non renseigné,0.0,Sans objet,Plat,Plat,0.0,0.0,Normale,Aucun,Sur chaussée,PK ou PR ou numéro d’adresse postale croissant,Sans objet,Véhicule,Avant,Sans changement de direction,B,1,Blessé léger,Masculin,Promenade - loisirs,Sans objet,Non renseigné ou sans objet,1990.0,Non renseigné,,Non renseigné,Non renseigné,Non renseigné,15,2017-10-02,27.0
201700024951,2017,10,3,07:45:00,Crépuscule ou aube,En agglomération,Hors intersection,Temps couvert,Autre collision,555,"55, RTE DE NARBONNE",43.57047,1.45477,31,Voie Communale,Bidirectionnelle,0.0,Piste cyclable,Plat,Plat,0.0,0.0,Mouillée,Aucun,Sur chaussée,PK ou PR ou numéro d’adresse postale croissant,Véhicule en stationnement,Véhicule,Avant droit,Sans changement de direction,B,1,Blessé léger,Masculin,Domicile - école,Sans objet,Non renseigné ou sans objet,1993.0,Non renseigné,,Non renseigné,Non renseigné,Non renseigné,7,2017-10-03,24.0
201700024952,2017,10,3,16:11:00,Plein jour,En agglomération,Hors intersection,Normale,Deux véhicules – par le coté,555,"999, BD DE STRASBOURG",43.60556,1.4488,31,Route Départementale,Bidirectionnelle,2.0,Piste cyclable,Plat,Plat,0.0,0.0,Normale,Aucun,Sur chaussée,Inconnu,Sans objet,Véhicule,Côté gauche,Sans changement de direction,B,1,Indemne,Masculin,Non renseigné,Sans objet,Non renseigné ou sans objet,1985.0,Non renseigné,,Non renseigné,Non renseigné,Non renseigné,16,2017-10-03,32.0
201700024964,2017,10,9,14:55:00,Plein jour,En agglomération,Hors intersection,Normale,Deux véhicules – par le coté,555,"7, AV EDOUARD BELIN",43.56429,1.48128,31,Voie Communale,A sens unique,2.0,Voie réservée,Plat,Plat,0.0,0.0,Normale,Aucun,Sur chaussée,Inconnu,Sans objet,Véhicule,Côté droit,Déporté à droite,A,1,Blessé léger,Masculin,Promenade - loisirs,Sans objet,Non renseigné ou sans objet,1946.0,Non renseigné,,Non renseigné,Non renseigné,Non renseigné,14,2017-10-09,71.0
201700024966,2017,10,11,17:50:00,Plein jour,En agglomération,Hors intersection,Normale,Deux véhicules – par l’arrière,555,"17, ALL JEAN JAURES",43.60616,1.44882,31,Voie Communale,A chaussées séparées,0.0,Voie réservée,Bas de côte,Plat,0.0,0.0,Normale,Aucun,Sur chaussée,PK ou PR ou numéro d’adresse postale décroissant,Sans objet,Véhicule,Avant,"Même sens, même file",A,1,Blessé léger,Masculin,Autre,Sans objet,Non renseigné ou sans objet,1938.0,Non renseigné,,Non renseigné,Non renseigné,Non renseigné,17,2017-10-11,79.0
201700024976,2017,10,17,17:40:00,Plein jour,En agglomération,Hors intersection,Normale,Deux véhicules - frontale,69,"999, SERVANTY (AV LUCIEN",43.62487,1.39245,31,Voie Communale,Bidirectionnelle,2.0,Piste cyclable,Plat,Plat,0.0,0.0,Normale,Aucun,Sur chaussée,Inconnu,Sans objet,Véhicule,Avant,Sans changement de direction,B,1,Blessé hospitalisé,Masculin,Non renseigné,Sans objet,Non renseigné ou sans objet,1995.0,Non renseigné,,Non renseigné,Non renseigné,Non renseigné,17,2017-10-17,22.0
201700024988,2017,10,23,11:20:00,Plein jour,En agglomération,Hors intersection,Normale,Deux véhicules – par le coté,555,"999, RUE DE METZ",43.60039,1.45067,31,Voie Communale,A sens unique,0.0,Voie réservée,Plat,Plat,0.0,0.0,Normale,Aucun,Sur chaussée,PK ou PR ou numéro d’adresse postale décroissant,Sans objet,Véhicule,Avant,"Dans le couloir bus, dans le sens inverse",A,1,Blessé léger,Masculin,Autre,Sans objet,Non renseigné ou sans objet,1962.0,Non renseigné,,Non renseigné,Non renseigné,Non renseigné,11,2017-10-23,55.0
201700024999,2017,10,30,08:30:00,Plein jour,En agglomération,Hors intersection,Normale,Autre collision,555,"3, RUE DE LA REPUBLIQUE",43.59885,1.43624,31,Route Départementale,A sens unique,2.0,Sans objet,Plat,Plat,0.0,0.0,Normale,Aucun,Sur chaussée,PK ou PR ou numéro d’adresse postale décroissant,Sans objet,Véhicule,Aucun,Sans changement de direction,B,1,Blessé léger,Féminin,Domicile - travail,Sans objet,Non renseigné ou sans objet,1966.0,Non renseigné,,Non renseigné,Non renseigné,Non renseigné,8,2017-10-30,51.0
201700025001,2017,10,31,12:45:00,Plein jour,En agglomération,Hors intersection,Normale,Deux véhicules – par le coté,555,"109, AV JULES JULIEN",43.5781,1.45037,31,Voie Communale,Bidirectionnelle,3.0,Piste cyclable,Plat,Plat,0.0,0.0,Normale,Aucun,Sur chaussée,Inconnu,Sans objet,Véhicule,Côté gauche,Tournant à gauche,B,1,Blessé léger,Féminin,Promenade - loisirs,Sans objet,Non renseigné ou sans objet,1994.0,Casque,,Non renseigné,Non renseigné,Non renseigné,12,2017-10-31,23.0
201700025020,2017,11,8,17:45:00,Nuit avec éclairage public allumé,En agglomération,Giratoire,Pluie légère,Deux véhicules – par le coté,149,"999, OUEST (BOULEVARD DE",43.60918,1.32633,31,Voie Communale,Bidirectionnelle,2.0,Sans objet,Plat,Plat,0.0,0.0,Mouillée,Aucun,Sur chaussée,PK ou PR ou numéro d’adresse postale croissant,Sans objet,Véhicule,Côté droit,Sans changement de direction,B,1,Blessé léger,Masculin,Autre,Sans objet,Non renseigné ou sans objet,1984.0,Non renseigné,,Non renseigné,Non renseigné,Non renseigné,17,2017-11-08,33.0
201700025023,2017,11,10,07:15:00,Crépuscule ou aube,En agglomération,Hors intersection,Normale,Deux véhicules – par le coté,555,"999, RUE DU BEARNAIS",43.60911,1.42766,31,Voie Communale,A sens unique,1.0,Piste cyclable,Plat,Plat,0.0,0.0,Normale,Aucun,Sur chaussée,Inconnu,Sans objet,Véhicule,Avant,A contresens,A,1,Blessé léger,Masculin,Utilisation professionnelle,Sans objet,Non renseigné ou sans objet,1998.0,Casque,,Non renseigné,Non renseigné,Non renseigné,7,2017-11-10,19.0
201700025037,2017,11,15,12:45:00,Plein jour,En agglomération,Intersection en X,Normale,Deux véhicules – par le coté,555,"999, BD DEODAT DE SEVERA",43.59049,1.42021,31,Voie Communale,Bidirectionnelle,0.0,Sans objet,Plat,Plat,0.0,0.0,Normale,Aucun,Sur chaussée,PK ou PR ou numéro d’adresse postale décroissant,Sans objet,Véhicule,Avant,Sans changement de direction,B,1,Blessé léger,Féminin,Autre,Sans objet,Non renseigné ou sans objet,1992.0,Non renseigné,,Non renseigné,Non renseigné,Non renseigné,12,2017-11-15,25.0
201700025066,2017,11,30,18:05:00,Nuit avec éclairage public allumé,En agglomération,Hors intersection,Normale,Deux véhicules – par le coté,555,"999, AV MAURICE HAURIOU",43.59325,1.44294,31,Route Départementale,Bidirectionnelle,2.0,Sans objet,Plat,Plat,0.0,0.0,Normale,Aucun,Sur chaussée,Inconnu,Sans objet,Véhicule,Côté gauche,Sans changement de direction,B,1,Blessé léger,Masculin,Domicile - travail,Sans objet,Non renseigné ou sans objet,1977.0,Non renseigné,,Non renseigné,Non renseigné,Non renseigné,18,2017-11-30,40.0
201700025087,2017,12,9,03:40:00,Nuit avec éclairage public allumé,En agglomération,Intersection en T,Normale,Deux véhicules – par le coté,555,"999, BD LASCROSSES",43.60908,1.43058,31,Voie Communale,Bidirectionnelle,0.0,Sans objet,Plat,Plat,0.0,0.0,Normale,Aucun,Sur chaussée,PK ou PR ou numéro d’adresse postale croissant,Sans objet,Véhicule,Avant gauche,En s’insérant,A,1,Blessé léger,Masculin,Promenade - loisirs,Sans objet,Non renseigné ou sans objet,1998.0,Non renseigné,,Non renseigné,Non renseigné,Non renseigné,3,2017-12-09,19.0
201700025089,2017,11,23,18:00:00,Nuit avec éclairage public allumé,En agglomération,Hors intersection,Normale,Autre collision,555,"999, AV YVES BRUNAUD",43.6198,1.46886,31,Voie Communale,Bidirectionnelle,0.0,Sans objet,Plat,Pente,0.0,0.0,Normale,Aucun,Sur chaussée,PK ou PR ou numéro d’adresse postale croissant,Sans objet,Aucun,Aucun,En s’insérant,A,1,Indemne,Masculin,Promenade - loisirs,Sans objet,Non renseigné ou sans objet,1990.0,Non renseigné,,Non renseigné,Non renseigné,Non renseigné,18,2017-11-23,27.0
201700025119,2017,12,22,19:45:00,Nuit avec éclairage public allumé,En agglomération,Hors intersection,Pluie légère,Deux véhicules – par le coté,69,"999, GRENADE (ROUTE DE)",43.63113,1.39172,31,Voie Communale,Bidirectionnelle,2.0,Sans objet,Plat,Plat,0.0,0.0,Mouillée,Aucun,Sur chaussée,PK ou PR ou numéro d’adresse postale croissant,Sans objet,Véhicule,Avant,Sans changement de direction,A,1,Blessé léger,Féminin,Autre,Sans objet,Non renseigné ou sans objet,1992.0,Casque,,Non renseigné,Non renseigné,Non renseigné,19,2017-12-22,25.0
201700025427,2017,6,9,13:00:00,Plein jour,En agglomération,Hors intersection,Normale,Deux véhicules – par l’arrière,44,avenue des aérostiers,43.60747,1.48549,31,Route Départementale,A chaussées séparées,2.0,Piste cyclable,Plat,Plat,0.0,0.0,Normale,Aucun,Sur chaussée,PK ou PR ou numéro d’adresse postale croissant,Sans objet,Aucun,Arrière,"Même sens, même file",A,1,Blessé hospitalisé,Masculin,Autre,Sans objet,Non renseigné ou sans objet,1938.0,Non renseigné,,Non renseigné,Non renseigné,Non renseigné,13,2017-06-09,79.0
201700025433,2017,10,1,10:45:00,Plein jour,Hors agglomération,Hors intersection,Normale,Trois véhicules et plus - collisions multiples,285,D112,43.64718,1.58971,31,Route Départementale,Bidirectionnelle,2.0,Sans objet,Plat,Plat,0.0,0.0,Normale,Aucun,Sur accotement,PK ou PR ou numéro d’adresse postale croissant,Sans objet,Aucun,Arrière,Sans changement de direction,B,1,Blessé hospitalisé,Masculin,Promenade - loisirs,Sans objet,Non renseigné ou sans objet,1963.0,Casque,,Non renseigné,Non renseigné,Non renseigné,10,2017-10-01,54.0
201700025433,2017,10,1,10:45:00,Plein jour,Hors agglomération,Hors intersection,Normale,Trois véhicules et plus - collisions multiples,285,D112,43.64718,1.58971,31,Route Départementale,Bidirectionnelle,2.0,Sans objet,Plat,Plat,0.0,0.0,Normale,Aucun,Sur accotement,PK ou PR ou numéro d’adresse postale croissant,Sans objet,Aucun,Arrière,Sans changement de direction,C,1,Blessé hospitalisé,Masculin,Promenade - loisirs,Sans objet,Non renseigné ou sans objet,1963.0,Casque,,Non renseigné,Non renseigné,Non renseigné,10,2017-10-01,54.0
201700025438,2017,11,15,14:15:00,Plein jour,En agglomération,Hors intersection,Normale,Deux véhicules – par le coté,44,avenue georges pompidou,43.62961,1.48751,31,Route Départementale,Bidirectionnelle,2.0,Sans objet,Pente,Non renseigné,0.0,0.0,Normale,Aucun,Sur chaussée,PK ou PR ou numéro d’adresse postale décroissant,Sans objet,Véhicule,Arrière,A contresens,B,1,Indemne,Masculin,Utilisation professionnelle,Sans objet,Non renseigné ou sans objet,1992.0,Non renseigné,,Non renseigné,Non renseigné,Non renseigné,14,2017-11-15,25.0
201700025453,2017,12,2,19:00:00,Nuit avec éclairage public allumé,En agglomération,Hors intersection,Normale,Deux véhicules – par le coté,113,3 rue pierre boissin,43.5166,1.5065,31,Autre,Bidirectionnelle,2.0,Sans objet,Plat,Plat,0.0,0.0,Mouillée,Aucun,Sur chaussée,Inconnu,Sans objet,Véhicule,Avant,Dépassant à droite,A,1,Blessé léger,Masculin,Promenade - loisirs,Sans objet,Non renseigné ou sans objet,1976.0,Non renseigné,,Non renseigné,Non renseigné,Non renseigné,19,2017-12-02,41.0
201800001520,2018,4,12,17:00:00,Crépuscule ou aube,Hors agglomération,Giratoire,Normale,Deux véhicules – par le coté,165,Intersection D12 / D4,43.42035,1.37489,31,Route Départementale,Bidirectionnelle,2.0,Sans objet,Plat,Pente,0.0,1,Mouillée,Aucun,Sur chaussée,PK ou PR ou numéro d’adresse postale croissant,Sans objet,Véhicule,Avant,Tournant à gauche,B,1,Blessé léger,Masculin,Promenade - loisirs,Sans objet,Non renseigné ou sans objet,1998.0,Casque,,Non renseigné,Non renseigné,Non renseigné,17,2018-04-12,20.0
201800001526,2018,9,6,14:50:00,Plein jour,En agglomération,Giratoire,Normale,Deux véhicules – par le coté,287,Carrefour giratoire D15,43.39692,1.25525,31,Route Départementale,A sens unique,1.0,Sans objet,Pente,Pente,0.0,1,Normale,Carrefour aménagé,Sur chaussée,Inconnu,Sans objet,Véhicule,Aucun,Inconnue,B,1,Blessé hospitalisé,Féminin,Promenade - loisirs,Sans objet,Non renseigné ou sans objet,1975.0,Casque,,Non renseigné,Non renseigné,Non renseigné,14,2018-09-06,43.0
201800001528,2018,11,14,16:45:00,Plein jour,En agglomération,Intersection en T,Normale,Deux véhicules - frontale,395,Bretelle numéro 34 de l',43.4489,1.30882,31,Autoroute,A sens unique,1.0,Piste cyclable,Plat,Sommet de côte,0.0,1,Normale,Bretelle d’échangeur ou de raccordement,Sur chaussée,PK ou PR ou numéro d’adresse postale croissant,Sans objet,Véhicule,Avant droit,Sans changement de direction,B,1,Blessé léger,Masculin,Courses - achats,Sans objet,Non renseigné ou sans objet,1974.0,Non renseigné,,Non renseigné,Non renseigné,Non renseigné,16,2018-11-14,44.0
201800015129,2018,9,12,07:45:00,Plein jour,Hors agglomération,Hors intersection,Normale,Deux véhicules – par le coté,293,RD63G,43.71996,1.39402,31,Route Départementale,Bidirectionnelle,2.0,Sans objet,Plat,Plat,0.0,1,Normale,Aucun,Sur chaussée,PK ou PR ou numéro d’adresse postale décroissant,Sans objet,Véhicule,Côté gauche,Tournant à gauche,A,1,Blessé léger,Masculin,Domicile - travail,Sans objet,Non renseigné ou sans objet,1970.0,Casque,,Non renseigné,Non renseigné,Non renseigné,7,2018-09-12,48.0
201800015134,2018,11,28,16:40:00,Plein jour,En agglomération,Hors intersection,Normale,Deux véhicules - frontale,230,Rue de Rayssac,43.71777,1.42401,31,Voie Communale,Bidirectionnelle,2.0,Piste cyclable,Plat,Plat,0.0,1,Normale,Aucun,Sur chaussée,PK ou PR ou numéro d’adresse postale décroissant,Sans objet,Véhicule,Avant,Sans changement de direction,A,1,Blessé hospitalisé,Masculin,Promenade - loisirs,Sans objet,Non renseigné ou sans objet,2004.0,Non renseigné,,Non renseigné,Non renseigné,Non renseigné,16,2018-11-28,14.0
201800015138,2018,2,25,07:00:00,Crépuscule ou aube,Hors agglomération,Hors intersection,Normale,Deux véhicules – par le coté,515,D 820,43.80597,1.32289,31,Route Départementale,Bidirectionnelle,2.0,Sans objet,Plat,Plat,0.0,1,Normale,Aucun,Sur chaussée,PK ou PR ou numéro d’adresse postale croissant,Sans objet,Véhicule,Côté gauche,"Même sens, même file",B,1,Blessé léger,Masculin,Promenade - loisirs,Sans objet,Non renseigné ou sans objet,1964.0,Casque,,Non renseigné,Non renseigné,Non renseigné,7,2018-02-25,54.0
201800015143,2018,10,16,07:30:00,Nuit sans éclairage public,Hors agglomération,Hors intersection,Pluie légère,Deux véhicules - frontale,79,route de Fronton,43.77188,1.40618,31,Route Départementale,Bidirectionnelle,2.0,Sans objet,Plat,Plat,0.0,1,Mouillée,Aucun,Sur chaussée,PK ou PR ou numéro d’adresse postale croissant,Sans objet,Véhicule,Avant gauche,Sans changement de direction,B,1,Blessé hospitalisé,Masculin,Domicile - travail,Sans objet,Non renseigné ou sans objet,1967.0,Casque,,Non renseigné,Non renseigné,Non renseigné,7,2018-10-16,51.0
201800015176,2018,8,15,11:30:00,Plein jour,En agglomération,Hors intersection,Normale,Sans collision,345,route de beaumont,43.37292,1.4164,31,Route Départementale,Bidirectionnelle,2.0,Sans objet,Pente,Bas de côte,0.0,1,Normale,Aucun,Sur chaussée,PK ou PR ou numéro d’adresse postale croissant,Sans objet,Aucun,Côté gauche,Sans changement de direction,A,1,Blessé hospitalisé,Masculin,Promenade - loisirs,Sans objet,Non renseigné ou sans objet,1955.0,Casque,,Non renseigné,Non renseigné,Non renseigné,11,2018-08-15,63.0
201800015186,2018,2,11,13:50:00,Plein jour,En agglomération,Hors intersection,Temps couvert,Sans collision,52,85 Chemin du Buherle,43.37882,1.36739,31,Voie Communale,Bidirectionnelle,2.0,Sans objet,Bas de côte,Pente,0.0,1,Normale,Aucun,Sur trottoir,PK ou PR ou numéro d’adresse postale décroissant,"Bâtiment, mur, pile de pont",Aucun,Côté droit,Déporté à droite,A,1,Tué,Masculin,Promenade - loisirs,Sans objet,Non renseigné ou sans objet,2003.0,Non renseigné,,Non renseigné,Non renseigné,Non renseigné,13,2018-02-11,15.0
201800015189,2018,4,11,17:30:00,Plein jour,Hors agglomération,Hors intersection,Normale,Deux véhicules – par le coté,280,Lieu-dit La Pierre,43.24325,1.2853,31,Route Départementale,Bidirectionnelle,2.0,Sans objet,Bas de côte,Plat,0.0,1,Normale,Aucun,Sur chaussée,PK ou PR ou numéro d’adresse postale décroissant,Sans objet,Véhicule,Côté gauche,Tournant à gauche,B,1,Blessé léger,Masculin,Promenade - loisirs,Sans objet,Non renseigné ou sans objet,2007.0,Casque,,Non renseigné,Non renseigné,Non renseigné,17,2018-04-11,11.0
201800015190,2018,4,24,16:35:00,Plein jour,En agglomération,Hors intersection,Normale,Sans collision,455,avenue ST MARTIN,43.25552,1.20075,31,Voie Communale,Bidirectionnelle,2.0,Sans objet,Pente,Plat,0.0,1,Normale,Aucun,Sur chaussée,Inconnu,Bordure de trottoir,Aucun,Chocs multiples (tonneaux),Sans changement de direction,A,1,Blessé léger,Masculin,Promenade - loisirs,Sans objet,Non renseigné ou sans objet,1979.0,Non renseigné,,Non renseigné,Non renseigné,Non renseigné,16,2018-04-24,39.0
201800015225,2018,3,3,09:45:00,Plein jour,Hors agglomération,Hors intersection,Normale,Sans collision,255,Chemin de Seinges,43.03972,0.57039,31,Voie Communale,Bidirectionnelle,2.0,Sans objet,Pente,Plat,0.0,1,Normale,Aucun,Sur chaussée,Inconnu,Sans objet,Aucun,Aucun,Inconnue,A,1,Blessé hospitalisé,Masculin,Promenade - loisirs,Sans objet,Non renseigné ou sans objet,1956.0,Non renseigné,,Non renseigné,Non renseigné,Non renseigné,9,2018-03-03,62.0