Num_Acc,annee,mois,jour,hrmn,éclairage,agglomeration,intersection,meteo,collision,commune,adresse,lat,long,departement,categorie_route,circulation,nombre_voies,voie_speciale,denivele,plan,largeur_terplein_central,largeur_route,surface,infra,situation,sens_circulation,obstacle_fixe,obstacle_mobile,sens_choc,manoeuvre,num_veh,place,gravite,sexe,trajet,localisation_pieton,action_pieton,annee_naissance,secu1,vitesse_max,secu2,secu3,motorisation,heure,date,age
201800015230,2018,9,10,15:25:00,Plein jour,Hors agglomération,Hors intersection,Normale,Deux véhicules – par le coté,147,route départementale 817,43.10464,0.62021,31,Route Départementale,Bidirectionnelle,2.0,Sans objet,Plat,Plat,0.0,1,Normale,Aucun,Sur chaussée,PK ou PR ou numéro d’adresse postale décroissant,Sans objet,Véhicule,Côté gauche,Sans changement de direction,B,1,Blessé léger,Masculin,Promenade - loisirs,Sans objet,Non renseigné ou sans objet,1945.0,Casque,,Non renseigné,Non renseigné,Non renseigné,15,2018-09-10,73.0
201800015240,2018,5,26,15:50:00,Plein jour,Hors agglomération,Hors intersection,Normale,Deux véhicules - frontale,152,RD 6,43.34161,0.89039,31,Route Départementale,Bidirectionnelle,2.0,Sans objet,Pente,Sommet de côte,0.0,1,Normale,Aucun,Sur chaussée,PK ou PR ou numéro d’adresse postale décroissant,Sans objet,Véhicule,Avant,A contresens,B,1,Blessé hospitalisé,Masculin,Promenade - loisirs,Sans objet,Non renseigné ou sans objet,2002.0,Casque,,Non renseigné,Non renseigné,Non renseigné,15,2018-05-26,16.0
201800015250,2018,8,18,10:15:00,Plein jour,Hors agglomération,Intersection en X,Normale,Deux véhicules - frontale,357,Carrefour entre la D60 e,43.03524,0.89544,31,Route Départementale,Bidirectionnelle,2.0,Sans objet,Plat,Plat,0.0,1,Normale,Aucun,Sur chaussée,Inconnu,Sans objet,Véhicule,Avant droit,Sans changement de direction,B,1,Blessé hospitalisé,Masculin,Promenade - loisirs,Sans objet,Non renseigné ou sans objet,1938.0,Non renseigné,,Non renseigné,Non renseigné,Non renseigné,10,2018-08-18,80.0
201800015265,2018,7,11,11:30:00,Plein jour,Hors agglomération,Hors intersection,Normale,Sans collision,374,Chemin de Goudet,43.40669,1.63187,31,Route Départementale,Bidirectionnelle,2.0,Sans objet,Bas de côte,Pente,0.0,1,Normale,Aucun,Sur chaussée,PK ou PR ou numéro d’adresse postale croissant,Sans objet,Aucun,Aucun,Sans changement de direction,A,1,Blessé hospitalisé,Masculin,Promenade - loisirs,Sans objet,Non renseigné ou sans objet,1958.0,Non renseigné,,Non renseigné,Non renseigné,Non renseigné,11,2018-07-11,60.0
201800015269,2018,10,4,11:55:00,Plein jour,Hors agglomération,Intersection en X,Normale,Deux véhicules – par le coté,210,D97 - Hameau de Laval,43.3989,1.67956,31,Route Départementale,Bidirectionnelle,2.0,Sans objet,Sommet de côte,Plat,0.0,1,Normale,Aucun,Sur chaussée,Inconnu,Sans objet,Véhicule,Avant,Sans changement de direction,A,1,Tué,Masculin,Promenade - loisirs,Sans objet,Non renseigné ou sans objet,1948.0,Casque,,Non renseigné,Non renseigné,Non renseigné,11,2018-10-04,70.0
201800022816,2018,4,16,20:00:00,Plein jour,En agglomération,Intersection en X,Normale,Deux véhicules – par le coté,483,POMPIDOU GEORGES ( RUE ),43.11286,0.72091,31,Route Départementale,A sens unique,0.0,Sans objet,Plat,Plat,0.0,1,Normale,Carrefour aménagé,Sur accotement,Inconnu,Sans objet,Véhicule,Avant,Inconnue,B,1,Blessé léger,Masculin,Courses - achats,Non renseigné,Non renseigné,1995.0,Non renseigné,,Non renseigné,Non renseigné,Non renseigné,20,2018-04-16,23.0
201800022836,2018,11,27,08:55:00,Plein jour,En agglomération,Hors intersection,Temps éblouissant,Deux véhicules - frontale,483,CHAPELLE (VOIE DE LA ),43.10553,0.69849,31,Parc de stationnement ouvert à la circulation publique,Bidirectionnelle,2.0,Sans objet,Plat,Plat,0.0,1,Normale,Aucun,Sur accotement,Inconnu,Véhicule en stationnement,Aucun,Avant,Tournant à droite,A,1,Blessé léger,Féminin,Utilisation professionnelle,Non renseigné,Non renseigné,1973.0,Casque,,Non renseigné,Non renseigné,Non renseigné,8,2018-11-27,45.0
201800022858,2018,1,2,09:30:00,Plein jour,En agglomération,Hors intersection,Pluie légère,Deux véhicules – par le coté,555,"999, RUE DU FAUBOURG BON",43.61603,1.4532,31,Voie Communale,Bidirectionnelle,2.0,Piste cyclable,Plat,Plat,0.0,0.0,Mouillée,Aucun,Sur chaussée,PK ou PR ou numéro d’adresse postale croissant,Sans objet,Véhicule,Côté gauche,Sans changement de direction,B,1,Blessé léger,Masculin,Autre,Sans objet,Non renseigné ou sans objet,1953.0,Non renseigné,,Non renseigné,Non renseigné,Non renseigné,9,2018-01-02,65.0
201800022875,2018,1,10,13:05:00,Plein jour,En agglomération,Hors intersection,Normale,Autre collision,555,"20, SAINT SAUVEUR (PORT)",43.59612,1.45673,31,Voie Communale,Bidirectionnelle,2.0,Sans objet,Plat,Plat,0.0,0.0,Normale,Aucun,Sur chaussée,PK ou PR ou numéro d’adresse postale croissant,Véhicule en stationnement,Aucun,Avant,Sans changement de direction,A,1,Blessé léger,Masculin,Promenade - loisirs,Sans objet,Non renseigné ou sans objet,1991.0,Casque,,Non renseigné,Non renseigné,Non renseigné,13,2018-01-10,27.0
201800022895,2018,1,22,20:00:00,Nuit avec éclairage public allumé,En agglomération,Hors intersection,Pluie légère,Deux véhicules – par le coté,149,"999, BRUNAUD (AVENUE YVE",43.61543,1.34297,31,Voie Communale,Bidirectionnelle,2.0,Sans objet,Plat,Bas de côte,0.0,0.0,Mouillée,Aucun,Sur chaussée,PK ou PR ou numéro d’adresse postale croissant,Sans objet,Véhicule,Aucun,Sans changement de direction,B,1,Blessé léger,Féminin,Domicile - travail,Sans objet,Non renseigné ou sans objet,1989.0,Non renseigné,,Non renseigné,Non renseigné,Non renseigné,20,2018-01-22,29.0
201800022929,2018,2,12,11:25:00,Plein jour,En agglomération,Hors intersection,Normale,Autre collision,555,"19, PL ETIENNE ESQUIROL",43.60028,1.44525,31,Voie Communale,Bidirectionnelle,2.0,Sans objet,Plat,Plat,0.0,0.0,Normale,Aucun,Sur chaussée,PK ou PR ou numéro d’adresse postale croissant,Sans objet,Piéton,Avant,Sans changement de direction,B,1,Indemne,Masculin,Non renseigné,Sans objet,Non renseigné ou sans objet,1986.0,Non renseigné,,Non renseigné,Non renseigné,Non renseigné,11,2018-02-12,32.0
201800022929,2018,2,12,11:25:00,Plein jour,En agglomération,Hors intersection,Normale,Autre collision,555,"19, PL ETIENNE ESQUIROL",43.60028,1.44525,31,Voie Communale,Bidirectionnelle,2.0,Sans objet,Plat,Plat,0.0,0.0,Normale,Aucun,Sur chaussée,PK ou PR ou numéro d’adresse postale croissant,Sans objet,Piéton,Avant,Sans changement de direction,B,3,Blessé léger,Masculin,Non renseigné,Sur passage piéton avec signalisation lumineuse,Traversant,1932.0,Non renseigné,,Non renseigné,Non renseigné,Non renseigné,11,2018-02-12,86.0
201800022930,2018,2,12,19:40:00,Nuit sans éclairage public,En agglomération,Hors intersection,Normale,Deux véhicules – par le coté,555,RUE DE NEGOGOUSSES,43.593,1.41295,31,Voie Communale,Bidirectionnelle,1.0,Piste cyclable,Plat,Plat,0.0,0.0,Normale,Aucun,Sur piste cyclable,Inconnu,Sans objet,Véhicule,Côté gauche,Sans changement de direction,B,1,Blessé léger,Masculin,Domicile - travail,Sans objet,Non renseigné ou sans objet,1970.0,Non renseigné,,Non renseigné,Non renseigné,Non renseigné,19,2018-02-12,48.0
201800022945,2018,3,1,17:35:00,Plein jour,En agglomération,Hors intersection,Vent fort - tempête,Deux véhicules - frontale,555,"60, RUE DE NEGRENEYS",43.61948,1.44104,31,Voie Communale,A sens unique,1.0,Piste cyclable,Plat,Plat,0.0,0.0,Normale,Aucun,Sur chaussée,PK ou PR ou numéro d’adresse postale décroissant,Sans objet,Véhicule,Avant,Sans changement de direction,B,1,Blessé léger,Féminin,Autre,Sans objet,Non renseigné ou sans objet,1965.0,Non renseigné,,Non renseigné,Non renseigné,Non renseigné,17,2018-03-01,53.0
201800022951,2018,3,5,08:55:00,Plein jour,En agglomération,Hors intersection,Normale,Deux véhicules – par le coté,555,"999, CHE DU RAMELET MOUN",43.58018,1.36208,31,Route Départementale,A sens unique,2.0,Sans objet,Plat,Pente,0.0,0.0,Normale,Aucun,Sur chaussée,PK ou PR ou numéro d’adresse postale croissant,Sans objet,Véhicule,Côté gauche,Sans changement de direction,B,1,Blessé léger,Masculin,Non renseigné,Sans objet,Non renseigné ou sans objet,1983.0,Non renseigné,,Non renseigné,Non renseigné,Non renseigné,8,2018-03-05,35.0
201800022973,2018,3,13,22:30:00,Nuit avec éclairage public allumé,En agglomération,Hors intersection,Normale,Deux véhicules – par le coté,555,"8, RUE DU FAUBOURG BONNE",43.61652,1.4537,31,Route Départementale,Bidirectionnelle,2.0,Voie réservée,Plat,Plat,0.0,0.0,Normale,Aucun,Sur chaussée,PK ou PR ou numéro d’adresse postale croissant,Sans objet,Véhicule,Chocs multiples (tonneaux),Traversant la chaussée,A,1,Blessé léger,Féminin,Promenade - loisirs,Sans objet,Non renseigné ou sans objet,1992.0,Non renseigné,,Non renseigné,Non renseigné,Non renseigné,22,2018-03-13,26.0
201800022975,2018,3,14,11:30:00,Plein jour,En agglomération,Hors intersection,Normale,Deux véhicules – par le coté,555,"999, AV MAURICE HAURIOU",43.5934,1.44418,31,Voie Communale,Bidirectionnelle,2.0,Sans objet,Plat,Plat,0.0,0.0,Normale,Aucun,Sur chaussée,PK ou PR ou numéro d’adresse postale décroissant,Sans objet,Véhicule,Avant,Sans changement de direction,B,1,Blessé hospitalisé,Masculin,Non renseigné,Sans objet,Non renseigné ou sans objet,1981.0,Casque,,Non renseigné,Non renseigné,Non renseigné,11,2018-03-14,37.0
201800022977,2018,3,15,08:20:00,Plein jour,En agglomération,Hors intersection,Normale,Autre collision,555,"999, RUE DE LA DALBADE",43.59779,1.44213,31,Voie Communale,A sens unique,1.0,Sans objet,Plat,Plat,0.0,0.0,Normale,Aucun,Sur chaussée,PK ou PR ou numéro d’adresse postale croissant,Sans objet,Véhicule,Avant,Sans changement de direction,B,1,Blessé hospitalisé,Féminin,Non renseigné,Sans objet,Non renseigné ou sans objet,1968.0,Non renseigné,,Non renseigné,Non renseigné,Non renseigné,8,2018-03-15,50.0
201800022979,2018,3,15,20:00:00,Nuit avec éclairage public allumé,En agglomération,Hors intersection,Normale,Deux véhicules - frontale,555,"29, GRANDE BRETAGNE (AV",49.5973,1.4211,31,Voie Communale,Bidirectionnelle,2.0,Sans objet,Plat,Plat,0.0,0.0,Normale,Aucun,Sur chaussée,PK ou PR ou numéro d’adresse postale décroissant,Sans objet,Véhicule,Avant,Dépassant à gauche,B,1,Blessé léger,Masculin,Non renseigné,Sans objet,Non renseigné ou sans objet,1987.0,Non renseigné,,Non renseigné,Non renseigné,Non renseigné,20,2018-03-15,31.0
201800022988,2018,3,19,19:00:00,Nuit avec éclairage public allumé,En agglomération,Hors intersection,Pluie légère,Deux véhicules – par le coté,557,PLATANES (ALL DES),45.58141,1.35045,31,Voie Communale,Bidirectionnelle,2.0,Sans objet,Plat,Plat,0.0,0.0,Mouillée,Aucun,Sur chaussée,Inconnu,Sans objet,Véhicule,Côté droit,Traversant la chaussée,B,1,Blessé léger,Féminin,Domicile - travail,Sans objet,Non renseigné ou sans objet,1972.0,Gilet réfléchissant,,Non renseigné,Non renseigné,Non renseigné,19,2018-03-19,46.0
201800023002,2018,3,29,10:47:00,Plein jour,En agglomération,Hors intersection,Normale,Deux véhicules – par le coté,555,"999, BD LASCROSSES",43.61097,1.43691,31,Voie Communale,Bidirectionnelle,4.0,Sans objet,Plat,Plat,0.0,0.0,Normale,Aucun,Sur chaussée,PK ou PR ou numéro d’adresse postale décroissant,Sans objet,Véhicule,Avant,Sans changement de direction,B,1,Blessé léger,Féminin,Autre,Sans objet,Non renseigné ou sans objet,1964.0,Non renseigné,,Non renseigné,Non renseigné,Non renseigné,10,2018-03-29,54.0
201800023026,2018,4,11,15:30:00,Plein jour,En agglomération,Intersection en T,Normale,Deux véhicules – par le coté,555,NARBONNE (ROUTE DE),43.5699,1.45557,31,Voie Communale,Bidirectionnelle,2.0,Sans objet,Plat,Plat,0.0,1,Normale,Aucun,Sur accotement,PK ou PR ou numéro d’adresse postale décroissant,Sans objet,Véhicule,Arrière gauche,Sans changement de direction,A,1,Blessé léger,Masculin,Non renseigné,Non renseigné,Non renseigné,1980.0,Casque,,Non renseigné,Non renseigné,Non renseigné,15,2018-04-11,38.0
201800023034,2018,4,18,18:10:00,Plein jour,En agglomération,Hors intersection,Normale,Trois véhicules et plus - collisions multiples,555,BOULINGRIN (ROND POINT D,43.59604,1.45391,31,Voie Communale,A sens unique,3.0,Sans objet,Plat,Pente,0.0,1,Normale,Aucun,Sur accotement,PK ou PR ou numéro d’adresse postale croissant,Sans objet,Véhicule,Arrière,Sans changement de direction,B,1,Indemne,Masculin,Domicile - travail,Non renseigné,Non renseigné,1984.0,Non renseigné,,Non renseigné,Non renseigné,Non renseigné,18,2018-04-18,34.0
201800023040,2018,4,26,08:00:00,Plein jour,En agglomération,Intersection en X,Normale,Deux véhicules – par le coté,555,RUE BERTRAND DE BORN,43.6093,1.45115,31,Voie Communale,A sens unique,1.0,Sans objet,Plat,Plat,0.0,1,Normale,Aucun,Sur accotement,PK ou PR ou numéro d’adresse postale croissant,Sans objet,Véhicule,Avant,Sans changement de direction,B,1,Blessé léger,Féminin,Autre,Non renseigné,Non renseigné,1968.0,Non renseigné,,Non renseigné,Non renseigné,Non renseigné,8,2018-04-26,50.0
201800023044,2018,4,26,18:40:00,Plein jour,En agglomération,Hors intersection,Normale,Deux véhicules – par le coté,149,SELERY (CHEMIN DE),43.62136,1.31041,31,Voie Communale,Bidirectionnelle,2.0,Sans objet,Sommet de côte,Plat,0.0,1,Normale,Aucun,Sur accotement,PK ou PR ou numéro d’adresse postale décroissant,Sans objet,Véhicule,Avant,Sans changement de direction,B,1,Blessé léger,Masculin,Promenade - loisirs,Non renseigné,Non renseigné,2002.0,Non renseigné,,Non renseigné,Non renseigné,Non renseigné,18,2018-04-26,16.0
201800023045,2018,4,27,04:50:00,Nuit avec éclairage public allumé,En agglomération,Hors intersection,Normale,Deux véhicules – par le coté,555,AV CAMILLE PUJOL,43.60071,1.46799,31,Voie Communale,Bidirectionnelle,2.0,Sans objet,Pente,Plat,0.0,1,Normale,Aucun,Sur accotement,PK ou PR ou numéro d’adresse postale décroissant,Sans objet,Véhicule,Avant,Sans changement de direction,B,1,Blessé léger,Masculin,Autre,Non renseigné,Non renseigné,1971.0,Non renseigné,,Non renseigné,Non renseigné,Non renseigné,4,2018-04-27,47.0
201800023046,2018,4,17,07:10:00,Plein jour,En agglomération,Hors intersection,Normale,Deux véhicules – par le coté,555,RD PT JEAN LLANTE,43.56384,1.40302,31,Voie Communale,A sens unique,2.0,Piste cyclable,Plat,Plat,0.0,1,Normale,Aucun,Sur accotement,PK ou PR ou numéro d’adresse postale croissant,Sans objet,Véhicule,Avant,Sans changement de direction,B,1,Blessé léger,Masculin,Utilisation professionnelle,Non renseigné,Non renseigné,1982.0,Non renseigné,,Non renseigné,Non renseigné,Non renseigné,7,2018-04-17,36.0
201800023056,2018,5,5,20:15:00,Plein jour,En agglomération,Hors intersection,Normale,Trois véhicules et plus - collisions multiples,555,MINIMES (AV DES) DU 1AU,43.62099,1.43577,31,Voie Communale,Bidirectionnelle,2.0,Piste cyclable,Plat,Plat,0.0,1,Normale,Aucun,Sur accotement,PK ou PR ou numéro d’adresse postale décroissant,Sans objet,Véhicule,Côté gauche,Sans changement de direction,C,1,Blessé léger,Masculin,Non renseigné,Non renseigné,Non renseigné,1989.0,Casque,,Non renseigné,Non renseigné,Non renseigné,20,2018-05-05,29.0
201800023066,2018,5,13,22:35:00,Nuit avec éclairage public allumé,En agglomération,Intersection en T,Pluie forte,Deux véhicules – par le coté,555,RUE ROLAND GARROS,43.61242,1.42517,31,Voie Communale,Bidirectionnelle,2.0,Sans objet,Plat,Plat,0.0,1,Mouillée,Aucun,Sur accotement,PK ou PR ou numéro d’adresse postale décroissant,Sans objet,Véhicule,Côté gauche,Traversant la chaussée,B,1,Blessé léger,Masculin,Promenade - loisirs,Non renseigné,Non renseigné,1995.0,Non renseigné,,Non renseigné,Non renseigné,Non renseigné,22,2018-05-13,23.0
201800023069,2018,5,14,16:10:00,Plein jour,En agglomération,Giratoire,Pluie légère,Deux véhicules – par le coté,149,RD POINT GASCOGNE,43.6093,1.32717,31,Voie Communale,A sens unique,2.0,Sans objet,Plat,Pente,0.0,1,Mouillée,Aucun,Sur accotement,PK ou PR ou numéro d’adresse postale croissant,Sans objet,Véhicule,Côté droit,Sans changement de direction,B,1,Blessé léger,Masculin,Non renseigné,Non renseigné,Non renseigné,1973.0,Non renseigné,,Non renseigné,Non renseigné,Non renseigné,16,2018-05-14,45.0
201800023080,2018,5,18,18:50:00,Plein jour,En agglomération,Hors intersection,Normale,Deux véhicules – par le coté,69,RAYMONDIS (RUE LEON),43.62267,1.39352,31,Voie Communale,Bidirectionnelle,2.0,Sans objet,Plat,Plat,0.0,1,Normale,Aucun,Sur accotement,Inconnu,Sans objet,Véhicule,Avant,En s’insérant,B,1,Blessé léger,Masculin,Promenade - loisirs,Non renseigné,Non renseigné,2007.0,Non renseigné,,Non renseigné,Non renseigné,Non renseigné,18,2018-05-18,11.0
201800023085,2018,5,23,08:55:00,Plein jour,En agglomération,Intersection en T,Normale,Deux véhicules – par le coté,555,RTE DE NARBONNE,43.5571,1.46516,31,Voie Communale,Bidirectionnelle,2.0,Sans objet,Plat,Plat,0.0,1,Normale,Aucun,Sur accotement,PK ou PR ou numéro d’adresse postale croissant,Sans objet,Véhicule,Côté gauche,Sans changement de direction,A,1,Blessé léger,Féminin,Domicile - travail,Non renseigné,Non renseigné,1977.0,Non renseigné,,Non renseigné,Non renseigné,Non renseigné,8,2018-05-23,41.0
201800023085,2018,5,23,08:55:00,Plein jour,En agglomération,Intersection en T,Normale,Deux véhicules – par le coté,555,RTE DE NARBONNE,43.5571,1.46516,31,Voie Communale,Bidirectionnelle,2.0,Sans objet,Plat,Plat,0.0,1,Normale,Aucun,Sur accotement,PK ou PR ou numéro d’adresse postale croissant,Sans objet,Véhicule,Avant,En s’insérant,B,1,Indemne,Masculin,Domicile - école,Non renseigné,Non renseigné,1993.0,Non renseigné,,Non renseigné,Non renseigné,Non renseigné,8,2018-05-23,25.0
201800023087,2018,5,24,08:15:00,Plein jour,En agglomération,Hors intersection,Normale,Autre collision,555,PONT DU HALAGE DE TOUNIS,43.59321,1.44077,31,Voie Communale,Bidirectionnelle,2.0,Piste cyclable,Plat,Plat,0.0,1,Normale,Aucun,Sur accotement,PK ou PR ou numéro d’adresse postale croissant,Sans objet,Piéton,Avant,Sans changement de direction,A,1,Indemne,Masculin,Promenade - loisirs,Non renseigné,Non renseigné,1998.0,Non renseigné,,Non renseigné,Non renseigné,Non renseigné,8,2018-05-24,20.0
201800023087,2018,5,24,08:15:00,Plein jour,En agglomération,Hors intersection,Normale,Autre collision,555,PONT DU HALAGE DE TOUNIS,43.59321,1.44077,31,Voie Communale,Bidirectionnelle,2.0,Piste cyclable,Plat,Plat,0.0,1,Normale,Aucun,Sur accotement,PK ou PR ou numéro d’adresse postale croissant,Sans objet,Piéton,Avant,Sans changement de direction,A,3,Blessé léger,Féminin,Non renseigné,Sur accotement,Autre,1941.0,Autre,,Non renseigné,Non renseigné,Non renseigné,8,2018-05-24,77.0
201800023100,2018,6,3,17:52:00,Plein jour,En agglomération,Hors intersection,Normale,Deux véhicules – par le coté,555,RUE DE METZ,43.60058,1.44786,31,Voie Communale,Bidirectionnelle,3.0,Voie réservée,Plat,Plat,0.0,1,Normale,Aucun,Sur accotement,PK ou PR ou numéro d’adresse postale croissant,Sans objet,Véhicule,Avant,Sans changement de direction,B,1,Indemne,Masculin,Non renseigné,Non renseigné,Non renseigné,1936.0,Non renseigné,,Non renseigné,Non renseigné,Non renseigné,17,2018-06-03,82.0
201800023110,2018,6,8,19:15:00,Plein jour,En agglomération,Hors intersection,Normale,Deux véhicules – par le coté,555,CHE DE PAPUS,43.57278,1.41183,31,Voie Communale,Bidirectionnelle,2.0,Sans objet,Plat,Plat,0.0,1,Normale,Aucun,Sur accotement,PK ou PR ou numéro d’adresse postale croissant,Sans objet,Véhicule,Aucun,Sans changement de direction,B,1,Blessé léger,Masculin,Promenade - loisirs,Non renseigné,Non renseigné,1995.0,Non renseigné,,Non renseigné,Non renseigné,Non renseigné,19,2018-06-08,23.0
201800023113,2018,6,13,13:20:00,Plein jour,En agglomération,Hors intersection,Normale,Deux véhicules – par le coté,555,RUE DU FAUBOURG BONNEFOY,43.61603,1.45325,31,Voie Communale,Bidirectionnelle,2.0,Piste cyclable,Pente,Plat,0.0,1,Normale,Aucun,Sur accotement,PK ou PR ou numéro d’adresse postale décroissant,Sans objet,Véhicule,Aucun,Sans changement de direction,A,1,Blessé léger,Masculin,Promenade - loisirs,Non renseigné,Non renseigné,1991.0,Non renseigné,,Non renseigné,Non renseigné,Non renseigné,13,2018-06-13,27.0
201800023123,2018,6,18,08:15:00,Plein jour,En agglomération,Hors intersection,Normale,Trois véhicules et plus - collisions multiples,555,QU DE TOUNIS,43.59849,1.4404,31,Voie Communale,A sens unique,1.0,Piste cyclable,Plat,Plat,0.0,1,Normale,Aucun,Sur accotement,PK ou PR ou numéro d’adresse postale décroissant,Sans objet,Véhicule,Côté gauche,Sans changement de direction,C,1,Blessé léger,Féminin,Promenade - loisirs,Non renseigné,Non renseigné,1985.0,Non renseigné,,Non renseigné,Non renseigné,Non renseigné,8,2018-06-18,33.0
201800023125,2018,6,20,17:30:00,Plein jour,En agglomération,Giratoire,Normale,Deux véhicules – par le coté,149,RD POINT GASCOGNE,43.60858,1.32676,31,Voie Communale,A sens unique,2.0,Sans objet,Plat,Plat,0.0,1,Normale,Aucun,Sur accotement,PK ou PR ou numéro d’adresse postale croissant,Sans objet,Véhicule,Avant,Sans changement de direction,B,1,Blessé léger,Masculin,Non renseigné,Non renseigné,Non renseigné,1982.0,Non renseigné,,Non renseigné,Non renseigné,Non renseigné,17,2018-06-20,36.0
201800023126,2018,6,20,19:00:00,Plein jour,En agglomération,Hors intersection,Normale,Deux véhicules – par le coté,555,BD DE STRASBOURG,43.60791,1.44632,31,Voie Communale,Bidirectionnelle,2.0,Sans objet,Plat,Plat,0.0,1,Normale,Aucun,Sur accotement,PK ou PR ou numéro d’adresse postale croissant,Sans objet,Véhicule,Aucun,Sans changement de direction,B,1,Blessé léger,Masculin,Autre,Non renseigné,Non renseigné,1994.0,Non renseigné,,Non renseigné,Non renseigné,Non renseigné,19,2018-06-20,24.0
201800023140,2018,7,2,09:30:00,Plein jour,En agglomération,Hors intersection,Normale,Deux véhicules - frontale,555,ETROITS (CHE DES) DU 1AU,43.5534,1.44084,31,Voie Communale,Bidirectionnelle,2.0,Sans objet,Plat,Plat,0.0,1,Normale,Aucun,Sur accotement,PK ou PR ou numéro d’adresse postale croissant,Sans objet,Véhicule,Avant,Déporté à gauche,A,1,Tué,Masculin,Promenade - loisirs,Non renseigné,Non renseigné,1942.0,Casque,,Non renseigné,Non renseigné,Non renseigné,9,2018-07-02,76.0
201800023142,2018,7,4,08:00:00,Plein jour,Hors agglomération,Intersection en T,Normale,Deux véhicules - frontale,555,CHE DE COLASSON,43.56734,1.38352,31,Voie Communale,Bidirectionnelle,2.0,Piste cyclable,Plat,Plat,0.0,1,Normale,Aucun,Sur accotement,PK ou PR ou numéro d’adresse postale croissant,Sans objet,Véhicule,Avant,A contresens,A,1,Blessé léger,Masculin,Utilisation professionnelle,Non renseigné,Non renseigné,1969.0,Casque,,Non renseigné,Non renseigné,Non renseigné,8,2018-07-04,49.0
201800023144,2018,7,4,20:15:00,Plein jour,En agglomération,Hors intersection,Pluie forte,Autre collision,555,RUE DE LA REPUBLIQUE,43.59826,1.43357,31,Voie Communale,A sens unique,1.0,Sans objet,Plat,Plat,0.0,1,Mouillée,Aucun,Sur accotement,PK ou PR ou numéro d’adresse postale croissant,Sans objet,Piéton,Aucun,Sans changement de direction,Z,3,Blessé léger,Masculin,Non renseigné,A + 50 m du passage piéton,Traversant,1956.0,Non renseigné,,Non renseigné,Non renseigné,Non renseigné,20,2018-07-04,62.0
201800023158,2018,7,20,15:45:00,Plein jour,En agglomération,Hors intersection,Normale,Trois véhicules et plus - collisions multiples,557,MARQUISAT (AV DU),43.57698,1.34961,31,Voie Communale,Bidirectionnelle,2.0,Piste cyclable,Plat,Plat,0.0,1,Normale,Aucun,Sur accotement,PK ou PR ou numéro d’adresse postale croissant,Sans objet,Véhicule,Avant,Sans changement de direction,B,1,Blessé léger,Masculin,Promenade - loisirs,Non renseigné,Non renseigné,1984.0,Non renseigné,,Non renseigné,Non renseigné,Non renseigné,15,2018-07-20,34.0
201800023158,2018,7,20,15:45:00,Plein jour,En agglomération,Hors intersection,Normale,Trois véhicules et plus - collisions multiples,557,MARQUISAT (AV DU),43.57698,1.34961,31,Voie Communale,Bidirectionnelle,2.0,Piste cyclable,Plat,Plat,0.0,1,Normale,Aucun,Sur accotement,PK ou PR ou numéro d’adresse postale croissant,Sans objet,Véhicule,Avant,Sans changement de direction,C,1,Blessé léger,Masculin,Promenade - loisirs,Non renseigné,Non renseigné,1988.0,Casque,,Non renseigné,Non renseigné,Non renseigné,15,2018-07-20,30.0