Num_Acc,annee,mois,jour,hrmn,éclairage,agglomeration,intersection,meteo,collision,commune,adresse,lat,long,departement,categorie_route,circulation,nombre_voies,voie_speciale,denivele,plan,largeur_terplein_central,largeur_route,surface,infra,situation,sens_circulation,obstacle_fixe,obstacle_mobile,sens_choc,manoeuvre,num_veh,place,gravite,sexe,trajet,localisation_pieton,action_pieton,annee_naissance,secu1,vitesse_max,secu2,secu3,motorisation,heure,date,age
201800023165,2018,7,24,17:55:00,Plein jour,En agglomération,Intersection en T,Normale,Deux véhicules – par le coté,555,AV D ELCHE,43.62191,1.4249,31,Voie Communale,A chaussées séparées,5.0,Sans objet,Plat,Plat,0.0,1,Normale,Aucun,Sur accotement,PK ou PR ou numéro d’adresse postale décroissant,Sans objet,Véhicule,Côté droit,Traversant la chaussée,A,1,Blessé léger,Féminin,Promenade - loisirs,Non renseigné,Non renseigné,1992.0,Non renseigné,,Non renseigné,Non renseigné,Non renseigné,17,2018-07-24,26.0
201800023167,2018,7,26,08:05:00,Plein jour,En agglomération,Hors intersection,Normale,Deux véhicules – par le coté,69,PARC (AV DU),43.62784,1.38621,31,Voie Communale,A chaussées séparées,2.0,Sans objet,Plat,Plat,0.0,1,Normale,Aucun,Sur accotement,PK ou PR ou numéro d’adresse postale décroissant,Sans objet,Véhicule,Côté gauche,Traversant la chaussée,B,1,Blessé léger,Masculin,Promenade - loisirs,Non renseigné,Non renseigné,1931.0,Casque,,Non renseigné,Non renseigné,Non renseigné,8,2018-07-26,87.0
201800023169,2018,7,26,10:20:00,Plein jour,En agglomération,Giratoire,Normale,Deux véhicules – par le coté,69,MAGA (RD-PT JEAN),43.62187,1.39691,31,Voie Communale,A sens unique,2.0,Sans objet,Plat,Plat,0.0,1,Normale,Aucun,Sur accotement,PK ou PR ou numéro d’adresse postale croissant,Sans objet,Véhicule,Côté droit,Sans changement de direction,B,1,Blessé léger,Masculin,Promenade - loisirs,Non renseigné,Non renseigné,1937.0,Non renseigné,,Non renseigné,Non renseigné,Non renseigné,10,2018-07-26,81.0
201800023184,2018,8,10,22:10:00,Nuit avec éclairage public allumé,Hors agglomération,Hors intersection,Normale,Deux véhicules – par le coté,555,Rd Pt Leon Schwartzenber,43.58579,1.40513,31,Voie Communale,A sens unique,2.0,Sans objet,Plat,Pente,0.0,1,Normale,Aucun,Sur accotement,Inconnu,Sans objet,Véhicule,Avant,Sans changement de direction,A,1,Blessé léger,Masculin,Utilisation professionnelle,Non renseigné,Non renseigné,1997.0,Non renseigné,,Non renseigné,Non renseigné,Non renseigné,22,2018-08-10,21.0
201800023186,2018,8,16,06:18:00,Crépuscule ou aube,En agglomération,Giratoire,Normale,Deux véhicules – par le coté,149,FONTAINE LUMINEUSE (Rd P,43.6092,1.35245,31,Voie Communale,A sens unique,2.0,Sans objet,Plat,Pente,0.0,1,Normale,Aucun,Sur accotement,Inconnu,Sans objet,Véhicule,Avant,Sans changement de direction,B,1,Blessé léger,Masculin,Autre,Non renseigné,Non renseigné,1975.0,Casque,,Non renseigné,Non renseigné,Non renseigné,6,2018-08-16,43.0
201800023197,2018,8,23,07:15:00,Plein jour,En agglomération,Intersection en X,Normale,Deux véhicules – par le coté,555,PL SAINT PIERRE,43.60367,1.43585,31,Voie Communale,Bidirectionnelle,2.0,Sans objet,Plat,Plat,0.0,1,Normale,Aucun,Sur accotement,Inconnu,Sans objet,Véhicule,Avant,Sans changement de direction,A,1,Blessé léger,Masculin,Utilisation professionnelle,Non renseigné,Non renseigné,1973.0,Casque,,Non renseigné,Non renseigné,Non renseigné,7,2018-08-23,45.0
201800023199,2018,8,24,09:15:00,Plein jour,En agglomération,Intersection en X,Normale,Deux véhicules – par le coté,555,ALL JULES GUESDE,43.593,1.44447,31,Voie Communale,Bidirectionnelle,2.0,Piste cyclable,Plat,Plat,0.0,1,Mouillée,Aucun,Sur accotement,Inconnu,Sans objet,Véhicule,Côté gauche,En s’insérant,A,1,Indemne,Masculin,Autre,Non renseigné,Non renseigné,1993.0,Casque,,Non renseigné,Non renseigné,Non renseigné,9,2018-08-24,25.0
201800023217,2018,9,4,23:45:00,Nuit avec éclairage public allumé,Hors agglomération,Intersection en T,Normale,Deux véhicules - frontale,555,TOEC (VOIE DU) DU 58 AU,43.59725,1.40355,31,Voie Communale,Bidirectionnelle,3.0,Sans objet,Plat,Plat,0.0,1,Normale,Aucun,Sur accotement,Inconnu,Sans objet,Véhicule,Avant droit,Inconnue,A,1,Blessé hospitalisé,Féminin,Promenade - loisirs,Non renseigné,Non renseigné,1995.0,Non renseigné,,Non renseigné,Non renseigné,Non renseigné,23,2018-09-04,23.0
201800023226,2018,9,11,09:00:00,Plein jour,En agglomération,Intersection en X,Normale,Deux véhicules - frontale,555,RUE DE LA SOURCE,43.60746,1.40959,31,Voie Communale,Bidirectionnelle,2.0,Sans objet,Plat,Plat,0.0,1,Normale,Aucun,Sur accotement,Inconnu,Sans objet,Véhicule,Avant,Sans changement de direction,B,1,Blessé léger,Masculin,Domicile - travail,Non renseigné,Non renseigné,1971.0,Casque,,Non renseigné,Non renseigné,Non renseigné,9,2018-09-11,47.0
201800023227,2018,9,12,17:15:00,Plein jour,En agglomération,Intersection en X,Normale,Deux véhicules - frontale,69,BD DE L'EUROPE,43.65433,1.37383,31,Voie Communale,Bidirectionnelle,2.0,Sans objet,Plat,Plat,0.0,1,Normale,Aucun,Sur accotement,PK ou PR ou numéro d’adresse postale croissant,Sans objet,Véhicule,Avant,Sans changement de direction,A,1,Blessé léger,Masculin,Autre,Non renseigné,Non renseigné,2009.0,Non renseigné,,Non renseigné,Non renseigné,Non renseigné,17,2018-09-12,9.0
201800023228,2018,9,13,15:50:00,Plein jour,En agglomération,Intersection en X,Normale,Deux véhicules – par le coté,555,RUE DE METZ,43.60054,1.44698,31,Voie Communale,Bidirectionnelle,2.0,Sans objet,Plat,Plat,0.0,1,Normale,Aucun,Sur accotement,PK ou PR ou numéro d’adresse postale croissant,Sans objet,Véhicule,Avant,Traversant la chaussée,B,1,Blessé léger,Masculin,Autre,Non renseigné,Non renseigné,2010.0,Casque,,Non renseigné,Non renseigné,Non renseigné,15,2018-09-13,8.0
201800023231,2018,9,14,10:05:00,Plein jour,En agglomération,Hors intersection,Normale,Deux véhicules – par le coté,555,AV DE LYON,43.61489,1.45176,31,Voie Communale,A chaussées séparées,2.0,Piste cyclable,Plat,Plat,0.0,1,Normale,Aucun,Sur accotement,PK ou PR ou numéro d’adresse postale croissant,Sans objet,Véhicule,Avant,Sans changement de direction,B,1,Blessé léger,Masculin,Autre,Non renseigné,Non renseigné,1963.0,Casque,,Non renseigné,Non renseigné,Non renseigné,10,2018-09-14,55.0
201800023232,2018,9,14,11:30:00,Plein jour,En agglomération,Hors intersection,Normale,Deux véhicules - frontale,555,RTE D ALBI,43.64345,1.46805,31,Route Départementale,A chaussées séparées,3.0,Sans objet,Plat,Plat,0.0,1,Normale,Aucun,Sur accotement,PK ou PR ou numéro d’adresse postale croissant,Sans objet,Véhicule,Avant,Traversant la chaussée,B,1,Blessé léger,Masculin,Autre,Non renseigné,Non renseigné,1954.0,Non renseigné,,Non renseigné,Non renseigné,Non renseigné,11,2018-09-14,64.0
201800023239,2018,9,18,21:25:00,Nuit avec éclairage public allumé,En agglomération,Intersection en X,Normale,Deux véhicules – par le coté,555,RUE DU FAUBOURG BONNEFOY,43.62129,1.45787,31,Voie Communale,Bidirectionnelle,2.0,Sans objet,Plat,Plat,0.0,1,Normale,Aucun,Sur accotement,PK ou PR ou numéro d’adresse postale décroissant,Sans objet,Véhicule,Avant,En s’insérant,A,1,Blessé léger,Masculin,Promenade - loisirs,Non renseigné,Non renseigné,1996.0,Casque,,Non renseigné,Non renseigné,Non renseigné,21,2018-09-18,22.0
201800023247,2018,9,21,18:30:00,Plein jour,Hors agglomération,Hors intersection,Normale,Deux véhicules - frontale,555,CHE DE LA SAUDRUNE,43.54133,1.39029,31,Voie Communale,Bidirectionnelle,2.0,Piste cyclable,Plat,Plat,0.0,1,Normale,Aucun,Sur accotement,PK ou PR ou numéro d’adresse postale croissant,Sans objet,Véhicule,Avant,Déporté à gauche,A,1,Blessé léger,Masculin,Promenade - loisirs,Non renseigné,Non renseigné,1990.0,Casque,,Non renseigné,Non renseigné,Non renseigné,18,2018-09-21,28.0
201800023247,2018,9,21,18:30:00,Plein jour,Hors agglomération,Hors intersection,Normale,Deux véhicules - frontale,555,CHE DE LA SAUDRUNE,43.54133,1.39029,31,Voie Communale,Bidirectionnelle,2.0,Piste cyclable,Plat,Plat,0.0,1,Normale,Aucun,Sur accotement,PK ou PR ou numéro d’adresse postale décroissant,Sans objet,Véhicule,Avant,Sans changement de direction,B,1,Blessé hospitalisé,Masculin,Promenade - loisirs,Non renseigné,Non renseigné,1971.0,Casque,,Non renseigné,Non renseigné,Non renseigné,18,2018-09-21,47.0
201800023259,2018,9,25,09:30:00,Plein jour,Hors agglomération,Hors intersection,Normale,Autre collision,555,BD LASCROSSES,43.61106,1.43743,31,Voie Communale,A chaussées séparées,2.0,Sans objet,Plat,Plat,0.0,1,Normale,Aucun,Sur accotement,Inconnu,Véhicule en stationnement,Aucun,Avant,Sans changement de direction,B,1,Blessé léger,Féminin,Autre,Non renseigné,Non renseigné,1990.0,Non renseigné,,Non renseigné,Non renseigné,Non renseigné,9,2018-09-25,28.0
201800023260,2018,9,26,14:00:00,Plein jour,En agglomération,Hors intersection,Normale,Deux véhicules – par le coté,555,ALL HENRI SELLIER,43.57725,1.43887,31,Voie Communale,Bidirectionnelle,2.0,Sans objet,Plat,Plat,0.0,1,Normale,Aucun,Sur accotement,Inconnu,Sans objet,Véhicule,Avant,Traversant la chaussée,A,1,Blessé léger,Masculin,Autre,Non renseigné,Non renseigné,1968.0,Non renseigné,,Non renseigné,Non renseigné,Non renseigné,14,2018-09-26,50.0
201800023263,2018,9,26,05:15:00,Nuit sans éclairage public,En agglomération,Hors intersection,Normale,Deux véhicules – par le coté,555,RTE D ALBI,43.64394,1.46832,31,Route Départementale,Bidirectionnelle,2.0,Sans objet,Plat,Plat,0.0,1,Normale,Aucun,Sur accotement,Inconnu,Sans objet,Véhicule,Avant gauche,Traversant la chaussée,A,1,Blessé léger,Masculin,Autre,Non renseigné,Non renseigné,1991.0,Non renseigné,,Non renseigné,Non renseigné,Non renseigné,5,2018-09-26,27.0
201800023266,2018,9,27,15:35:00,Plein jour,Hors agglomération,Hors intersection,Normale,Deux véhicules - frontale,555,21 DEMOISELLES  (PERIPH,43.57207,1.47532,31,Voie Communale,A sens unique,1.0,Sans objet,Pente,Sommet de côte,0.0,1,Normale,Aucun,Sur accotement,Inconnu,Sans objet,Véhicule,Avant,Traversant la chaussée,B,1,Blessé léger,Féminin,Autre,Non renseigné,Non renseigné,1998.0,Non renseigné,,Non renseigné,Non renseigné,Non renseigné,15,2018-09-27,20.0
201800023270,2018,10,2,18:15:00,Plein jour,En agglomération,Hors intersection,Normale,Deux véhicules – par le coté,149,Av Edouard Serres,43.61218,1.35228,31,Voie Communale,Bidirectionnelle,2.0,Sans objet,Plat,Plat,0.0,1,Normale,Aucun,Sur accotement,PK ou PR ou numéro d’adresse postale croissant,Sans objet,Véhicule,Avant,Dépassant à gauche,B,1,Blessé léger,Masculin,Utilisation professionnelle,Non renseigné,Non renseigné,1966.0,Non renseigné,,Non renseigné,Non renseigné,Non renseigné,18,2018-10-02,52.0
201800023273,2018,10,3,19:05:00,Plein jour,En agglomération,Autre intersection,Normale,Autre collision,555,AV DE REYNERIE,43.57542,1.40616,31,Voie Communale,A sens unique,1.0,Sans objet,Plat,Plat,0.0,1,Normale,Aucun,Sur accotement,Inconnu,Sans objet,Véhicule,Côté droit,En s’insérant,B,1,Blessé léger,Masculin,Autre,Non renseigné,Non renseigné,1972.0,Non renseigné,,Non renseigné,Non renseigné,Non renseigné,19,2018-10-03,46.0
201800023278,2018,10,5,07:50:00,Crépuscule ou aube,En agglomération,Hors intersection,Normale,Deux véhicules – par le coté,555,BD LAZARE CARNOT,43.60434,1.45002,31,Voie Communale,Bidirectionnelle,4.0,Sans objet,Plat,Plat,0.0,1,Normale,Aucun,Sur accotement,PK ou PR ou numéro d’adresse postale décroissant,Sans objet,Véhicule,Avant,Sans changement de direction,B,1,Blessé léger,Masculin,Domicile - travail,Non renseigné,Non renseigné,1986.0,Autre,,Non renseigné,Non renseigné,Non renseigné,7,2018-10-05,32.0
201800023282,2018,10,7,16:45:00,Plein jour,En agglomération,Hors intersection,Normale,Autre collision,555,RUE DE LA REPUBLIQUE,43.59864,1.43552,31,Voie Communale,A sens unique,1.0,Piste cyclable,Plat,Plat,0.0,1,Normale,Aucun,Sur accotement,PK ou PR ou numéro d’adresse postale décroissant,Sans objet,Piéton,Avant,Sans changement de direction,A,1,Indemne,Masculin,Promenade - loisirs,Non renseigné,Non renseigné,1991.0,Non renseigné,,Non renseigné,Non renseigné,Non renseigné,16,2018-10-07,27.0
201800023282,2018,10,7,16:45:00,Plein jour,En agglomération,Hors intersection,Normale,Autre collision,555,RUE DE LA REPUBLIQUE,43.59864,1.43552,31,Voie Communale,A sens unique,1.0,Piste cyclable,Plat,Plat,0.0,1,Normale,Aucun,Sur accotement,PK ou PR ou numéro d’adresse postale décroissant,Sans objet,Piéton,Avant,Sans changement de direction,A,3,Blessé léger,Masculin,Promenade - loisirs,A + 50 m du passage piéton,Traversant,1963.0,Non renseigné,,Non renseigné,Non renseigné,Non renseigné,16,2018-10-07,55.0
201800023283,2018,10,7,17:05:00,Plein jour,En agglomération,Hors intersection,Normale,Deux véhicules – par l’arrière,555,SAINT SIMON (RTE DE) DU,43.58899,1.4127,31,Voie Communale,Bidirectionnelle,2.0,Sans objet,Plat,Plat,0.0,1,Normale,Aucun,Sur accotement,PK ou PR ou numéro d’adresse postale croissant,Sans objet,Véhicule,Avant,"Même sens, même file",A,1,Blessé léger,Masculin,Autre,Non renseigné,Non renseigné,1992.0,Non renseigné,,Non renseigné,Non renseigné,Non renseigné,17,2018-10-07,26.0
201800023284,2018,10,8,13:35:00,Plein jour,En agglomération,Hors intersection,Normale,Deux véhicules – par le coté,555,RUE JOACHIM DU BELLAY,43.58574,1.40522,31,Voie Communale,A chaussées séparées,2.0,Sans objet,Plat,Plat,0.0,1,Normale,Aucun,Sur accotement,PK ou PR ou numéro d’adresse postale décroissant,Sans objet,Véhicule,Côté gauche,Traversant la chaussée,B,1,Blessé léger,Masculin,Autre,Non renseigné,Non renseigné,2004.0,Casque,,Non renseigné,Non renseigné,Non renseigné,13,2018-10-08,14.0
201800023285,2018,10,9,07:05:00,Nuit avec éclairage public allumé,En agglomération,Giratoire,Normale,Deux véhicules – par le coté,149,RD POINT GASCOGNE,43.60862,1.32677,31,Voie Communale,A sens unique,2.0,Sans objet,Plat,Plat,0.0,1,Normale,Aucun,Sur accotement,Inconnu,Sans objet,Véhicule,Arrière,Sans changement de direction,B,1,Blessé léger,Masculin,Autre,Non renseigné,Non renseigné,1969.0,Casque,,Non renseigné,Non renseigné,Non renseigné,7,2018-10-09,49.0
201800023296,2018,10,16,18:35:00,Plein jour,En agglomération,Intersection en T,Normale,Deux véhicules – par le coté,555,BD LAZARE CARNOT,43.60428,1.45009,31,Voie Communale,Bidirectionnelle,2.0,Piste cyclable,Plat,Plat,0.0,1,Normale,Aucun,Sur accotement,PK ou PR ou numéro d’adresse postale croissant,Sans objet,Véhicule,Avant,En s’insérant,B,1,Blessé léger,Masculin,Autre,Non renseigné,Non renseigné,2000.0,Non renseigné,,Non renseigné,Non renseigné,Non renseigné,18,2018-10-16,18.0
201800023299,2018,10,19,07:55:00,Plein jour,En agglomération,Intersection en T,Brouillard - fumée,Deux véhicules – par le coté,149,OUEST (BOULEVARD DE L'),43.61232,1.32244,31,Voie Communale,Bidirectionnelle,2.0,Sans objet,Plat,Plat,0.0,1,Normale,Aucun,Sur accotement,PK ou PR ou numéro d’adresse postale décroissant,Sans objet,Véhicule,Avant,En s’insérant,A,1,Blessé léger,Masculin,Domicile - école,Non renseigné,Non renseigné,2009.0,Casque,,Non renseigné,Non renseigné,Non renseigné,7,2018-10-19,9.0
201800023305,2018,10,22,16:50:00,Plein jour,En agglomération,Hors intersection,Normale,Deux véhicules – par le coté,557,DOUMERGUE (RUE GASTON),43.58334,1.34104,31,Route Départementale,Bidirectionnelle,2.0,Sans objet,Plat,Plat,0.0,1,Normale,Aucun,Sur accotement,PK ou PR ou numéro d’adresse postale croissant,Sans objet,Véhicule,Avant,Sans changement de direction,A,1,Blessé léger,Masculin,Autre,Non renseigné,Non renseigné,1981.0,Casque,,Non renseigné,Non renseigné,Non renseigné,16,2018-10-22,37.0
201800023313,2018,10,26,14:45:00,Plein jour,En agglomération,Intersection en T,Normale,Deux véhicules – par le coté,555,SAINT PIERRE (QU) DU 4AU,43.60377,1.43431,31,Route Départementale,A sens unique,2.0,Sans objet,Plat,Plat,0.0,1,Normale,Aucun,Sur accotement,Inconnu,Sans objet,Véhicule,Côté gauche,Sans changement de direction,B,1,Blessé léger,Féminin,Domicile - travail,Non renseigné,Non renseigné,1989.0,Non renseigné,,Non renseigné,Non renseigné,Non renseigné,14,2018-10-26,29.0
201800023314,2018,10,26,18:59:00,Crépuscule ou aube,En agglomération,Hors intersection,Normale,Deux véhicules – par l’arrière,555,ALL FREDERIC MISTRAL,43.59208,1.4533,31,Voie Communale,A chaussées séparées,2.0,Voie réservée,Plat,Plat,0.0,1,Normale,Aucun,Sur accotement,Inconnu,Sans objet,Véhicule,Avant,"Même sens, même file",B,1,Blessé léger,Masculin,Promenade - loisirs,Non renseigné,Non renseigné,2000.0,Non renseigné,,Non renseigné,Non renseigné,Non renseigné,18,2018-10-26,18.0
201800023323,2018,10,25,18:30:00,Nuit avec éclairage public non allumé,En agglomération,Hors intersection,Normale,Autre collision,555,RUE DU FAUBOURG BONNEFOY,43.61802,1.45556,31,Voie Communale,Bidirectionnelle,2.0,Sans objet,Plat,Plat,0.0,1,Normale,Aucun,Sur accotement,PK ou PR ou numéro d’adresse postale croissant,Sans objet,Véhicule,Avant,Sans changement de direction,A,1,Blessé hospitalisé,Masculin,Promenade - loisirs,Non renseigné,Non renseigné,1992.0,Non renseigné,,Non renseigné,Non renseigné,Non renseigné,18,2018-10-25,26.0
201800023326,2018,11,2,19:30:00,Nuit sans éclairage public,En agglomération,Hors intersection,Normale,Deux véhicules – par le coté,555,RUE JEAN MERMOZ,43.58285,1.41681,31,Voie Communale,Bidirectionnelle,2.0,Sans objet,Plat,Plat,0.0,1,Normale,Aucun,Sur accotement,Inconnu,Sans objet,Véhicule,Côté gauche,Sans changement de direction,B,1,Blessé léger,Masculin,Promenade - loisirs,Non renseigné,Non renseigné,1984.0,Casque,,Non renseigné,Non renseigné,Non renseigné,19,2018-11-02,34.0
201800023332,2018,11,8,09:05:00,Plein jour,En agglomération,Intersection en T,Normale,Deux véhicules – par le coté,555,RTE D ALBI,43.63867,1.4654,31,Route Départementale,Bidirectionnelle,2.0,Sans objet,Plat,Plat,0.0,1,Normale,Aucun,Sur accotement,PK ou PR ou numéro d’adresse postale croissant,Sans objet,Véhicule,Avant,Sans changement de direction,B,1,Blessé léger,Masculin,Autre,Non renseigné,Non renseigné,1965.0,Casque,,Non renseigné,Non renseigné,Non renseigné,9,2018-11-08,53.0
201800023336,2018,11,9,07:30:00,Nuit avec éclairage public non allumé,En agglomération,Hors intersection,Pluie forte,Deux véhicules – par le coté,555,CHE DE L ESPEISSIERE,43.6096,1.37024,31,Voie Communale,Bidirectionnelle,4.0,Piste cyclable,Plat,Plat,0.0,1,Mouillée,Aucun,Sur accotement,Inconnu,Sans objet,Véhicule,Avant,Sans changement de direction,B,1,Blessé léger,Masculin,Domicile - travail,Non renseigné,Non renseigné,1969.0,Non renseigné,,Non renseigné,Non renseigné,Non renseigné,7,2018-11-09,49.0
201800023346,2018,11,13,14:05:00,Plein jour,En agglomération,Intersection en X,Normale,Deux véhicules – par le coté,555,SAINT MICHEL (GRANDE RUE,43.59301,1.44447,31,Voie Communale,Bidirectionnelle,3.0,Sans objet,Plat,Plat,0.0,1,Normale,Aucun,Sur accotement,Inconnu,Sans objet,Véhicule,Chocs multiples (tonneaux),Dépassant à droite,B,1,Tué,Féminin,Autre,Non renseigné,Non renseigné,1983.0,Non renseigné,,Non renseigné,Non renseigné,Non renseigné,14,2018-11-13,35.0
201800023360,2018,11,20,08:45:00,Plein jour,En agglomération,Hors intersection,Normale,Deux véhicules – par le coté,555,AV DU DR MAURICE GRYNFOG,43.57838,1.37879,31,Voie Communale,Bidirectionnelle,2.0,Piste cyclable,Plat,Plat,0.0,1,Normale,Aucun,Sur accotement,PK ou PR ou numéro d’adresse postale décroissant,Sans objet,Véhicule,Aucun,En s’insérant,B,1,Blessé léger,Masculin,Autre,Non renseigné,Non renseigné,1977.0,Casque,,Non renseigné,Non renseigné,Non renseigné,8,2018-11-20,41.0
201800023365,2018,11,26,17:00:00,Crépuscule ou aube,En agglomération,Hors intersection,Normale,Deux véhicules – par le coté,555,AV EDOUARD BELIN,43.56535,1.47903,31,Voie Communale,Bidirectionnelle,2.0,Sans objet,Plat,Plat,0.0,1,Normale,Aucun,Sur accotement,Inconnu,Sans objet,Véhicule,Côté droit,Traversant la chaussée,B,1,Blessé léger,Féminin,Domicile - école,Non renseigné,Non renseigné,1999.0,Casque,,Non renseigné,Non renseigné,Non renseigné,17,2018-11-26,19.0
201800023367,2018,11,27,13:20:00,Plein jour,En agglomération,Intersection en T,Normale,Deux véhicules – par le coté,555,RTE DE SEYSSES,43.56857,1.41378,31,Voie Communale,Bidirectionnelle,2.0,Piste cyclable,Plat,Plat,0.0,1,Normale,Aucun,Sur accotement,PK ou PR ou numéro d’adresse postale croissant,Sans objet,Véhicule,Côté gauche,Sans changement de direction,B,1,Blessé léger,Féminin,Domicile - travail,Non renseigné,Non renseigné,1987.0,Casque,,Non renseigné,Non renseigné,Non renseigné,13,2018-11-27,31.0
201800023375,2018,11,30,02:30:00,Nuit avec éclairage public allumé,En agglomération,Hors intersection,Normale,Deux véhicules – par l’arrière,555,AV DES MINIMES,43.61743,1.43668,31,Voie Communale,Bidirectionnelle,2.0,Piste cyclable,Plat,Plat,0.0,1,Normale,Aucun,Sur accotement,PK ou PR ou numéro d’adresse postale croissant,Sans objet,Véhicule,Arrière,Sans changement de direction,A,1,Blessé léger,Masculin,Autre,Non renseigné,Non renseigné,1995.0,Non renseigné,,Non renseigné,Non renseigné,Non renseigné,2,2018-11-30,23.0
201800023377,2018,11,30,07:30:00,Nuit sans éclairage public,En agglomération,Intersection en T,Pluie légère,Deux véhicules – par le coté,555,RUE PAUL MERLIN,43.60322,1.40999,31,Voie Communale,Bidirectionnelle,2.0,Sans objet,Plat,Plat,0.0,1,Mouillée,Aucun,Sur accotement,PK ou PR ou numéro d’adresse postale croissant,Sans objet,Véhicule,Avant,Inconnue,A,1,Blessé léger,Masculin,Promenade - loisirs,Non renseigné,Non renseigné,1990.0,Casque,,Non renseigné,Non renseigné,Non renseigné,7,2018-11-30,28.0
201800023384,2018,12,6,16:40:00,Crépuscule ou aube,En agglomération,Giratoire,Pluie légère,Deux véhicules – par le coté,69,VIEUX CHEMIN DE GRENADE,43.6512,1.38521,31,Voie Communale,Bidirectionnelle,2.0,Sans objet,Plat,Plat,0.0,1,Normale,Aucun,Sur accotement,Inconnu,Sans objet,Véhicule,Côté droit,Sans changement de direction,B,1,Blessé léger,Masculin,Domicile - travail,Non renseigné,Non renseigné,1969.0,Casque,,Non renseigné,Non renseigné,Non renseigné,16,2018-12-06,49.0
201800023393,2018,12,10,15:55:00,Plein jour,En agglomération,Giratoire,Normale,Deux véhicules – par le coté,69,MAGA (RD-PT JEAN),43.62198,1.39759,31,Voie Communale,A sens unique,2.0,Sans objet,Plat,Plat,0.0,1,Normale,Aucun,Sur accotement,PK ou PR ou numéro d’adresse postale croissant,Sans objet,Véhicule,Côté gauche,Sans changement de direction,B,1,Blessé léger,Masculin,Promenade - loisirs,Non renseigné,Non renseigné,1975.0,Casque,,Non renseigné,Non renseigné,Non renseigné,15,2018-12-10,43.0
201800023399,2018,12,12,18:30:00,Nuit avec éclairage public allumé,En agglomération,Giratoire,Pluie légère,Deux véhicules – par le coté,555,Rd Pt des Epoux Mongelar,43.59003,1.377,31,Voie Communale,A sens unique,1.0,Sans objet,Plat,Plat,0.0,1,Mouillée,Aucun,Sur accotement,PK ou PR ou numéro d’adresse postale croissant,Sans objet,Véhicule,Aucun,Inconnue,B,1,Blessé léger,Masculin,Promenade - loisirs,Non renseigné,Non renseigné,1990.0,Casque,,Non renseigné,Non renseigné,Non renseigné,18,2018-12-12,28.0
201800023414,2018,12,25,14:33:00,Plein jour,En agglomération,Intersection en T,Normale,Deux véhicules – par le coté,555,BD DE STRASBOURG,43.60975,1.44426,31,Voie Communale,A sens unique,1.0,Sans objet,Plat,Plat,0.0,1,Normale,Aucun,Sur accotement,PK ou PR ou numéro d’adresse postale croissant,Sans objet,Véhicule,Avant,Sans changement de direction,B,1,Blessé léger,Masculin,Promenade - loisirs,Non renseigné,Non renseigné,1975.0,Non renseigné,,Non renseigné,Non renseigné,Non renseigné,14,2018-12-25,43.0
201800023698,2018,4,6,11:55:00,Plein jour,En agglomération,Autre intersection,Temps éblouissant,Deux véhicules – par le coté,44,74 route de castres,43.60445,1.49841,31,Route Départementale,Non renseigné,1.0,Piste cyclable,Pente,Plat,0.0,1,Normale,Aucun,Sur piste cyclable,PK ou PR ou numéro d’adresse postale décroissant,Sans objet,Véhicule,Avant gauche,Inconnue,B,1,Blessé hospitalisé,Masculin,Promenade - loisirs,Sans objet,Non renseigné ou sans objet,1952.0,Casque,,Non renseigné,Non renseigné,Non renseigné,11,2018-04-06,66.0
201800023748,2018,3,8,18:04:00,Crépuscule ou aube,En agglomération,Giratoire,Temps éblouissant,Deux véhicules – par le coté,467,intersection D904B et Av,43.7166,1.40632,31,Route Départementale,A sens unique,2.0,Sans objet,Plat,Pente,0.0,1,Normale,Carrefour aménagé,Sur chaussée,Inconnu,Sans objet,Aucun,Arrière,"Même sens, même file",B,1,Blessé hospitalisé,Masculin,Promenade - loisirs,Sans objet,Non renseigné ou sans objet,1948.0,Casque,,Non renseigné,Non renseigné,Non renseigné,18,2018-03-08,70.0