Num_Acc,annee,mois,jour,hrmn,éclairage,agglomeration,intersection,meteo,collision,commune,adresse,lat,long,departement,categorie_route,circulation,nombre_voies,voie_speciale,denivele,plan,largeur_terplein_central,largeur_route,surface,infra,situation,sens_circulation,obstacle_fixe,obstacle_mobile,sens_choc,manoeuvre,num_veh,place,gravite,sexe,trajet,localisation_pieton,action_pieton,annee_naissance,secu1,vitesse_max,secu2,secu3,motorisation,heure,date,age
201900000771,2019,9,19,16:15:00,Plein jour,En agglomération,Hors intersection,Normale,Deux véhicules – par le coté,31555,FAUBOURG BONNEFOY (RUE DU) DU 1AU 231,"43,6160000","1,4531700",31,Route Départementale,Bidirectionnelle,3.0,Sans objet,Plat,Plat,0.0,1,Normale,Aucun,Sur chaussée,PK ou PR ou numéro d’adresse postale croissant,Sans objet,Véhicule,Avant,Sans changement de direction,A,1,Blessé hospitalisé,Féminin,Autre,Non renseigné,Non renseigné ou sans objet,1965.0,Casque,50.0,Non déterminable,Non renseigné,Humaine,16,2019-09-19,54.0
201900001402,2019,8,14,18:43:00,Plein jour,En agglomération,Hors intersection,Normale,Deux véhicules – par le coté,31555,AV JEAN ZAY,"43,6488900","1,4330900",31,Voie Communale,Bidirectionnelle,2.0,Sans objet,Plat,Plat,0.0,1,Normale,Aucun,Sur chaussée,Inconnu,Sans objet,Véhicule,Côté gauche,Sans changement de direction,B,1,Blessé hospitalisé,Masculin,Promenade - loisirs,Non renseigné,Non renseigné ou sans objet,1939.0,Casque,50.0,Aucun équipement,Non renseigné,Humaine,18,2019-08-14,80.0
201900001738,2019,8,16,11:45:00,Plein jour,Hors agglomération,Intersection en X,Normale,Deux véhicules – par le coté,31547,D12 - D50,"43,5040470","1,2483680",31,Route Départementale,Bidirectionnelle,2.0,Sans objet,Plat,Plat,0.0,1,Normale,Carrefour aménagé,Sur chaussée,PK ou PR ou numéro d’adresse postale croissant,Sans objet,Véhicule,Avant,Sans changement de direction,B,1,Blessé léger,Masculin,Promenade - loisirs,Sans objet,Non renseigné ou sans objet,1960.0,Casque,70.0,Non renseigné,Non renseigné,Humaine,11,2019-08-16,59.0
201900001997,2019,11,27,05:30:00,Nuit avec éclairage public allumé,En agglomération,Hors intersection,Normale,Deux véhicules – par le coté,31555,BD DE LA MARQUETTE,"43,6154800","1,4353800",31,Voie Communale,A sens unique,2.0,Sans objet,Pente,Plat,0.0,1,Mouillée,Aucun,Sur chaussée,PK ou PR ou numéro d’adresse postale décroissant,Sans objet,Véhicule,Avant,Traversant la chaussée,A,1,Blessé léger,Masculin,Domicile - école,Non renseigné,Non renseigné,1995.0,Casque,50.0,Aucun équipement,Non renseigné,Humaine,5,2019-11-27,24.0
201900003647,2019,11,26,10:10:00,Plein jour,En agglomération,Hors intersection,Normale,Deux véhicules – par le coté,31555,BD D ARCOLE,"43,6112200","1,4405900",31,Voie Communale,Bidirectionnelle,4.0,Sans objet,Plat,Plat,0.0,1,Normale,Aucun,Sur chaussée,Absence de repère,Sans objet,Véhicule,Arrière,En faisant demi-tour sur la chaussée,B,1,Blessé léger,Masculin,Autre,Non renseigné,Non renseigné,1949.0,Casque,50.0,Aucun équipement,Non renseigné,Humaine,10,2019-11-26,70.0
201900004399,2019,2,9,19:05:00,Nuit sans éclairage public,En agglomération,Hors intersection,Normale,Deux véhicules – par le coté,31555,ALL CHARLES DE FITTE,"43,6007200","1,4286100",31,Voie Communale,Bidirectionnelle,4.0,Sans objet,Plat,Plat,0.0,1,Normale,Aucun,Sur chaussée,PK ou PR ou numéro d’adresse postale décroissant,Sans objet,Véhicule,Avant,En s’insérant,A,1,Indemne,Masculin,Promenade - loisirs,Non renseigné,Non renseigné ou sans objet,1999.0,Casque,50.0,Non déterminable,Non renseigné,Humaine,19,2019-02-09,20.0
201900004400,2019,2,10,17:20:00,Plein jour,En agglomération,Intersection en X,Pluie légère,Deux véhicules – par le coté,31555,AV DE LA GLOIRE,"43,6053100","1,4579200",31,Voie Communale,Bidirectionnelle,2.0,Sans objet,Pente,Plat,0.0,1,Mouillée,Aucun,Sur chaussée,PK ou PR ou numéro d’adresse postale décroissant,Sans objet,Véhicule,Avant,Sans changement de direction,A,1,Blessé léger,Féminin,Promenade - loisirs,Non renseigné,Non renseigné ou sans objet,1976.0,Non déterminable,50.0,Non déterminable,Non renseigné,Humaine,17,2019-02-10,43.0
201900004402,2019,2,8,17:25:00,Plein jour,En agglomération,Intersection en T,Normale,Deux véhicules – par le coté,31149,HERBAUDIERE (ALLEE DE L'),"43,6185900","1,3036100",31,Voie Communale,Bidirectionnelle,2.0,Sans objet,Plat,Plat,0.0,1,Normale,Aucun,Sur chaussée,PK ou PR ou numéro d’adresse postale décroissant,Sans objet,Véhicule,Avant,Sans changement de direction,B,1,Blessé léger,Masculin,Promenade - loisirs,Non renseigné,Non renseigné ou sans objet,1958.0,Casque,50.0,Non déterminable,Non renseigné,Humaine,17,2019-02-08,61.0
201900004839,2019,10,18,19:20:00,Nuit avec éclairage public allumé,En agglomération,Hors intersection,Normale,Deux véhicules – par le coté,31555,RTE DE BLAGNAC,"43,6147800","1,4107200",31,Route Départementale,Bidirectionnelle,2.0,Sans objet,Plat,Plat,0.0,1,Normale,Aucun,Sur chaussée,PK ou PR ou numéro d’adresse postale croissant,Sans objet,Véhicule,Côté droit,Tournant à gauche,B,1,Blessé léger,Féminin,Domicile - travail,Non renseigné,Non renseigné,1984.0,Casque,50.0,Aucun équipement,Non renseigné,Humaine,19,2019-10-18,35.0
201900005991,2019,9,16,18:15:00,Plein jour,En agglomération,Hors intersection,Normale,Deux véhicules – par le coté,31069,GRENADE (ROUTE DE),"43,6343100","1,3912200",31,Route Départementale,A sens unique,1.0,Sans objet,Pente,Plat,0.0,1,Normale,Aucun,Sur chaussée,PK ou PR ou numéro d’adresse postale croissant,Sans objet,Véhicule,Côté droit,Dépassant à gauche,B,1,Blessé léger,Masculin,Domicile - travail,Non renseigné,Non renseigné ou sans objet,1994.0,Casque,50.0,Aucun équipement,Non renseigné,Humaine,18,2019-09-16,25.0
201900005992,2019,9,16,21:40:00,Nuit avec éclairage public allumé,En agglomération,Hors intersection,Normale,Deux véhicules – par le coté,31555,ALL CHARLES DE FITTE,"43,5961300","1,4320400",31,Voie Communale,A chaussées séparées,4.0,Sans objet,Plat,Plat,0.0,1,Normale,Aucun,Sur chaussée,Inconnu,Sans objet,Véhicule,Avant,Sans changement de direction,A,1,Blessé léger,Féminin,Autre,Non renseigné,Non renseigné ou sans objet,1959.0,Non déterminable,50.0,Aucun équipement,Non renseigné,Humaine,21,2019-09-16,60.0
201900006318,2019,3,21,08:55:00,Plein jour,En agglomération,Hors intersection,Normale,Deux véhicules – par le coté,31555,RTE DE BAYONNE,"43,6090100","1,3800700",31,Voie Communale,Bidirectionnelle,2.0,Piste cyclable,Plat,Plat,0.0,1,Normale,Aucun,Sur chaussée,Absence de repère,Sans objet,Véhicule,Côté gauche,Sans changement de direction,B,1,Blessé léger,Masculin,Domicile - travail,Non renseigné,Non renseigné ou sans objet,1978.0,Casque,50.0,Aucun équipement,Non renseigné,Humaine,8,2019-03-21,41.0
201900007010,2019,8,10,11:30:00,Plein jour,En agglomération,Hors intersection,Normale,Autre collision,31470,Village,"42,8066660","0,5484170",31,Voie Communale,Bidirectionnelle,2.0,Sans objet,Sommet de côte,Pente,0.0,1,Normale,Aucun,Sur chaussée,Inconnu,"Bâtiment, mur, pile de pont",Aucun,Avant,Sans changement de direction,A,1,Blessé hospitalisé,Masculin,Promenade - loisirs,Sans objet,Non renseigné ou sans objet,2012.0,Casque,50.0,Non renseigné,Non renseigné,Humaine,11,2019-08-10,7.0
201900007948,2019,2,8,11:50:00,Plein jour,En agglomération,Giratoire,Normale,Deux véhicules – par le coté,31455,Rond point des Huguenots,"43,2533610","1,2005930",31,Route Départementale,Bidirectionnelle,2.0,Sans objet,Plat,Bas de côte,0.0,1,Normale,Aucun,Sur chaussée,PK ou PR ou numéro d’adresse postale décroissant,Sans objet,Véhicule,Côté droit,Sans changement de direction,B,1,Blessé hospitalisé,Masculin,Promenade - loisirs,Sans objet,Non renseigné ou sans objet,1940.0,Casque,50.0,Non renseigné,Non renseigné,Humaine,11,2019-02-08,79.0
201900008506,2019,4,20,11:30:00,Plein jour,En agglomération,Intersection en T,Normale,Deux véhicules – par le coté,31555,BD PIERRE PAUL RIQUET,"43,6050700","1,4566000",31,Voie Communale,A sens unique,2.0,Sans objet,Plat,Plat,0.0,1,Normale,Aucun,Sur chaussée,Absence de repère,Sans objet,Véhicule,Côté gauche,Traversant la chaussée,B,1,Blessé hospitalisé,Masculin,Promenade - loisirs,Non renseigné,Non renseigné ou sans objet,1947.0,Non déterminable,50.0,Gilet réfléchissant,Non renseigné,Humaine,11,2019-04-20,72.0
201900008631,2019,6,17,16:56:00,Plein jour,En agglomération,Giratoire,Normale,Deux véhicules – par le coté,31451,d622,"43,4579150","2,0032970",31,Route Départementale,Bidirectionnelle,2.0,Sans objet,Plat,Sommet de côte,0.0,1,Normale,Aucun,Sur chaussée,PK ou PR ou numéro d’adresse postale croissant,Sans objet,Véhicule,Côté gauche,Dépassant à droite,B,1,Blessé hospitalisé,Masculin,Courses - achats,Sans objet,Non renseigné ou sans objet,1958.0,Aucun équipement,50.0,Non renseigné,Non renseigné,Humaine,16,2019-06-17,61.0
201900009294,2019,12,15,18:50:00,Nuit sans éclairage public,En agglomération,Hors intersection,Normale,Deux véhicules – par le coté,31555,RUE MONTMORENCY,"43,6131000","1,4289000",31,Voie Communale,Bidirectionnelle,2.0,Sans objet,Plat,Plat,0.0,1,Normale,Aucun,Sur chaussée,PK ou PR ou numéro d’adresse postale décroissant,Sans objet,Véhicule,Avant,Tournant à gauche,B,1,Blessé hospitalisé,Masculin,Autre,Non renseigné,Non renseigné,1960.0,Casque,50.0,Non déterminable,Non renseigné,Humaine,18,2019-12-15,59.0
201900009296,2019,12,13,08:05:00,Plein jour,En agglomération,Hors intersection,Pluie forte,Deux véhicules – par l’arrière,31555,RUE LOUIS PLANA,"43,6192000","1,4695500",31,Voie Communale,Bidirectionnelle,2.0,Sans objet,Plat,Plat,0.0,1,Mouillée,Aucun,Sur chaussée,Inconnu,Sans objet,Véhicule,Avant gauche,Sans changement de direction,A,1,Blessé léger,Féminin,Utilisation professionnelle,Non renseigné,Non renseigné,1963.0,Non déterminable,50.0,Aucun équipement,Non renseigné,Humaine,8,2019-12-13,56.0
201900010046,2019,10,17,08:15:00,Plein jour,En agglomération,Giratoire,Normale,Deux véhicules – par le coté,31069,ANDROMEDE (AV),"43,6553300","1,3653600",31,Voie Communale,Bidirectionnelle,2.0,Sans objet,Plat,Plat,0.0,1,Normale,Aucun,Sur chaussée,PK ou PR ou numéro d’adresse postale croissant,Sans objet,Véhicule,Côté droit,Sans changement de direction,B,1,Blessé léger,Masculin,Autre,Non renseigné,Non renseigné,1969.0,Casque,50.0,Non déterminable,Non renseigné,Humaine,8,2019-10-17,50.0
201900011103,2019,11,21,17:35:00,Nuit avec éclairage public allumé,En agglomération,Intersection en X,Normale,Deux véhicules – par le coté,31451,Avenue Alexandre Monoury,"43,4577570","2,0097610",31,Voie Communale,Non renseigné,2.0,Sans objet,Plat,Plat,0.0,1,Normale,Aucun,Sur chaussée,Absence de repère,Véhicule en stationnement,Véhicule,Chocs multiples (tonneaux),Tournant à gauche,B,1,Blessé hospitalisé,Masculin,Domicile - travail,Sans objet,Non renseigné ou sans objet,1974.0,Aucun équipement,50.0,Non renseigné,Non renseigné,Humaine,17,2019-11-21,45.0
201900011274,2019,12,17,18:00:00,Nuit avec éclairage public allumé,En agglomération,Intersection en X,Normale,Deux véhicules – par le coté,31555,QU DE TOUNIS,"43,5996410","1,4405510",31,Voie Communale,A sens unique,2.0,Sans objet,Plat,Plat,0.0,1,Normale,Aucun,Sur chaussée,PK ou PR ou numéro d’adresse postale décroissant,Sans objet,Véhicule,Aucun,Sans changement de direction,A,1,Blessé hospitalisé,Masculin,Autre,Sans objet,Non renseigné ou sans objet,2000.0,Casque,30.0,Non déterminable,Non renseigné,Humaine,18,2019-12-17,19.0
201900011823,2019,2,6,17:30:00,Plein jour,En agglomération,Hors intersection,Normale,Autre collision,31445,16 le mail,"43,5838060","1,5290060",31,Voie Communale,A chaussées séparées,1.0,Sans objet,Plat,Plat,0.0,1,Normale,Aucun,Sur chaussée,Absence de repère,Sans objet,Piéton,Avant,Sans changement de direction,A,1,Indemne,Masculin,Promenade - loisirs,Sans objet,Non renseigné ou sans objet,1977.0,Casque,-1.0,Non renseigné,Non renseigné,Humaine,17,2019-02-06,42.0
201900011823,2019,2,6,17:30:00,Plein jour,En agglomération,Hors intersection,Normale,Autre collision,31445,16 le mail,"43,5838060","1,5290060",31,Voie Communale,A chaussées séparées,1.0,Sans objet,Plat,Plat,0.0,1,Normale,Aucun,Sur chaussée,Absence de repère,Sans objet,Piéton,Avant,Sans changement de direction,A,3,Blessé léger,Masculin,Promenade - loisirs,A - 50 m du passage piéton,Jouant - courant,2017.0,Aucun équipement,-1.0,Non renseigné,Non renseigné,Humaine,17,2019-02-06,2.0
201900011952,2019,10,16,00:00:00,Nuit avec éclairage public allumé,En agglomération,Hors intersection,Normale,Deux véhicules – par l’arrière,31555,AV DE MURET,"43,5855600","1,4285500",31,Voie Communale,A chaussées séparées,2.0,Sans objet,Plat,Plat,0.0,1,Normale,Aucun,Sur chaussée,PK ou PR ou numéro d’adresse postale décroissant,Sans objet,Véhicule,Arrière,"Même sens, même file",B,1,Blessé léger,Féminin,Autre,Non renseigné,Non renseigné,1980.0,Casque,50.0,Non déterminable,Non renseigné,Humaine,0,2019-10-16,39.0
201900016262,2019,6,30,21:15:00,Plein jour,En agglomération,Hors intersection,Normale,Deux véhicules – par le coté,31555,AV DE LARDENNE,"43,5929200","1,3893200",31,Route Départementale,Bidirectionnelle,2.0,Piste cyclable,Plat,Plat,0.0,1,Normale,Aucun,Sur chaussée,PK ou PR ou numéro d’adresse postale croissant,Sans objet,Véhicule,Côté gauche,Sans changement de direction,B,1,Blessé léger,Masculin,Promenade - loisirs,Non renseigné,Non renseigné ou sans objet,2011.0,Casque,50.0,Gants + Airbag (2RM/3RM),Non renseigné,Humaine,21,2019-06-30,8.0
201900019682,2019,7,31,08:45:00,Plein jour,En agglomération,Hors intersection,Normale,Deux véhicules – par le coté,31149,RD PT TERRE ENVOL,"43,6133550","1,3070420",31,Voie Communale,Bidirectionnelle,2.0,Sans objet,Plat,Plat,0.0,1,Normale,Aucun,Sur chaussée,Absence de repère,Sans objet,Véhicule,Côté droit,Sans changement de direction,B,1,Blessé léger,Masculin,Autre,Non renseigné,Non renseigné ou sans objet,1995.0,Casque,50.0,Aucun équipement,Non renseigné,Humaine,8,2019-07-31,24.0
201900020442,2019,12,24,12:20:00,Plein jour,En agglomération,Hors intersection,Normale,Deux véhicules – par le coté,31555,RUE DE PERIOLE,"43,6163600","1,4570700",31,Voie Communale,Bidirectionnelle,2.0,Sans objet,Pente,Plat,0.0,1,Normale,Aucun,Sur chaussée,PK ou PR ou numéro d’adresse postale croissant,Sans objet,Véhicule,Aucun,Dépassant à droite,A,1,Blessé léger,Masculin,Autre,Non renseigné,Non renseigné,1995.0,Non déterminable,50.0,Aucun équipement,Non renseigné,Humaine,12,2019-12-24,24.0
201900020566,2019,12,25,18:00:00,Crépuscule ou aube,Hors agglomération,Hors intersection,Normale,Autre collision,31410,30 Chemin de la Serre,"43,7111720","1,4481070",31,Voie Communale,Bidirectionnelle,2.0,Sans objet,Plat,Plat,0.0,1,Normale,Aucun,Sur chaussée,Absence de repère,Sans objet,Piéton,Avant,"Même sens, même file",A,1,Indemne,Masculin,Promenade - loisirs,Sans objet,Non renseigné ou sans objet,1987.0,Casque,50.0,Gants (2RM/3RM),Non renseigné,Humaine,18,2019-12-25,32.0
201900020566,2019,12,25,18:00:00,Crépuscule ou aube,Hors agglomération,Hors intersection,Normale,Autre collision,31410,30 Chemin de la Serre,"43,7111720","1,4481070",31,Voie Communale,Bidirectionnelle,2.0,Sans objet,Plat,Plat,0.0,1,Normale,Aucun,Sur chaussée,Absence de repère,Sans objet,Piéton,Avant,"Même sens, même file",A,3,Blessé léger,Féminin,Promenade - loisirs,A + 50 m du passage piéton,Se déplaçant sens véhicule heurtant,1948.0,Aucun équipement,50.0,Non renseigné,Non renseigné,Humaine,18,2019-12-25,71.0
201900021863,2019,3,13,09:00:00,Plein jour,En agglomération,Hors intersection,Normale,Deux véhicules – par le coté,31555,RUE DES COSMONAUTES,"43,5599500","1,4961800",31,Voie Communale,Bidirectionnelle,2.0,Piste cyclable,Plat,Plat,0.0,1,Mouillée,Aucun,Sur chaussée,Absence de repère,Sans objet,Véhicule,Côté droit,En s’insérant,B,1,Blessé léger,Féminin,Domicile - travail,Non renseigné,Non renseigné ou sans objet,1992.0,Non déterminable,30.0,Non déterminable,Non renseigné,Humaine,9,2019-03-13,27.0
201900022318,2019,12,24,09:45:00,Plein jour,En agglomération,Hors intersection,Normale,Deux véhicules – par le coté,31555,AV M BOURGES MAUNOURY,"43,6312100","1,4495800",31,Voie Communale,Bidirectionnelle,2.0,Sans objet,Plat,Plat,0.0,1,Normale,Aucun,Sur chaussée,Inconnu,Sans objet,Véhicule,Côté droit,Traversant la chaussée,A,1,Blessé léger,Féminin,Autre,Non renseigné,Non renseigné,1950.0,Non déterminable,50.0,Aucun équipement,Non renseigné,Humaine,9,2019-12-24,69.0
201900024672,2019,4,17,18:10:00,Plein jour,Hors agglomération,Intersection en T,Normale,Deux véhicules – par le coté,31118,CD29,"43,8137670","1,3731490",31,Route Départementale,Bidirectionnelle,2.0,Sans objet,Plat,Plat,0.0,1,Normale,Aucun,Sur chaussée,Absence de repère,Sans objet,Véhicule,Avant,Sans changement de direction,B,1,Blessé hospitalisé,Masculin,Promenade - loisirs,Sans objet,Non renseigné ou sans objet,1997.0,Casque,80.0,Non renseigné,Non renseigné,Humaine,18,2019-04-17,22.0
201900024786,2019,4,13,16:10:00,Plein jour,En agglomération,Hors intersection,Normale,Deux véhicules – par le coté,31555,BD DE L EMBOUCHURE,"43,6137000","1,4309400",31,Voie Communale,A sens unique,2.0,Voie réservée,Plat,Plat,0.0,1,Normale,Aucun,Sur chaussée,Inconnu,Sans objet,Véhicule,Chocs multiples (tonneaux),Traversant la chaussée,B,1,Blessé léger,Féminin,Promenade - loisirs,Non renseigné,Non renseigné ou sans objet,1993.0,Casque,50.0,Aucun équipement,Non renseigné,Humaine,16,2019-04-13,26.0
201900024866,2019,6,27,08:20:00,Plein jour,En agglomération,Hors intersection,Normale,Deux véhicules – par le coté,31555,LANUSSE (CHE DE) DU 4AU 181,"43,6352200","1,4544300",31,Voie Communale,Bidirectionnelle,2.0,Sans objet,Plat,Plat,0.0,1,Normale,Aucun,Sur chaussée,PK ou PR ou numéro d’adresse postale décroissant,Sans objet,Véhicule,Côté droit,Traversant la chaussée,A,1,Blessé léger,Féminin,Autre,Non renseigné,Non renseigné ou sans objet,1990.0,Casque,50.0,Aucun équipement,Non renseigné,Humaine,8,2019-06-27,29.0
201900026319,2019,9,4,19:45:00,Plein jour,En agglomération,Hors intersection,Normale,Deux véhicules – par le coté,31069,BELISAIRE (CH DE),"43,6327800","1,3870200",31,Voie Communale,Bidirectionnelle,2.0,Sans objet,Plat,Plat,0.0,1,Normale,Aucun,Sur chaussée,Absence de repère,Sans objet,Véhicule,Aucun,Inconnue,B,1,Blessé léger,Masculin,Promenade - loisirs,Non renseigné,Non renseigné ou sans objet,2008.0,Casque,50.0,Aucun équipement,Non renseigné,Humaine,19,2019-09-04,11.0
201900027483,2019,11,8,08:50:00,Plein jour,En agglomération,Intersection en X,Pluie légère,Deux véhicules – par le coté,31555,AV DU CIMETIERE,"43,6065800","1,4581600",31,Voie Communale,A chaussées séparées,2.0,Sans objet,Pente,Plat,0.0,1,Mouillée,Aucun,Sur chaussée,Inconnu,Sans objet,Véhicule,Avant,Sans changement de direction,B,1,Blessé léger,Masculin,Promenade - loisirs,Non renseigné,Non renseigné,1952.0,Non déterminable,50.0,Aucun équipement,Non renseigné,Humaine,8,2019-11-08,67.0
201900028115,2019,9,7,09:15:00,Plein jour,En agglomération,Intersection en Y,Temps éblouissant,Deux véhicules – par l’arrière,31497,Rue de la place MAGNAU,"43,6973070","1,4795350",31,Route Départementale,Bidirectionnelle,2.0,Sans objet,Pente,Sommet de côte,0.0,1,Normale,Carrefour aménagé,Autres,Absence de repère,Sans objet,Véhicule,Arrière,Sans changement de direction,B,1,Blessé hospitalisé,Masculin,Promenade - loisirs,Sans objet,Non renseigné ou sans objet,1967.0,Casque,50.0,Gants (2RM/3RM),Non renseigné,Humaine,9,2019-09-07,52.0
201900028863,2019,3,7,19:10:00,Nuit avec éclairage public allumé,En agglomération,Hors intersection,Normale,Deux véhicules - frontale,31557,BD FRANCOIS MITTERRAND,"43,5862000","1,3354100",31,Voie Communale,A chaussées séparées,2.0,Piste cyclable,Plat,Plat,0.0,1,Normale,Aucun,Sur chaussée,Inconnu,Sans objet,Véhicule,Avant gauche,Traversant la chaussée,B,1,Blessé léger,Féminin,Non renseigné,Non renseigné,Non renseigné ou sans objet,1979.0,Non déterminable,50.0,Aucun équipement,Non renseigné,Humaine,19,2019-03-07,40.0
201900029541,2019,10,4,20:25:00,Nuit avec éclairage public non allumé,En agglomération,Hors intersection,Normale,Deux véhicules - frontale,31555,RTE DE NARBONNE,"43,5691400","1,4563100",31,Route Départementale,Bidirectionnelle,3.0,Voie réservée,Plat,Plat,0.0,1,Normale,Aucun,Sur chaussée,PK ou PR ou numéro d’adresse postale croissant,Sans objet,Véhicule,Aucun,Traversant la chaussée,B,1,Blessé léger,Masculin,Domicile - travail,Non renseigné,Non renseigné,1989.0,Non déterminable,50.0,Aucun équipement,Non renseigné,Humaine,20,2019-10-04,30.0
201900029720,2019,10,7,15:30:00,Plein jour,Hors agglomération,Hors intersection,Normale,Sans collision,31065,route de RIEUMES,"43,3916800","1,1519150",31,Route Départementale,Bidirectionnelle,2.0,Sans objet,Pente,Plat,0.0,1,Autre,Chantier,Sur chaussée,PK ou PR ou numéro d’adresse postale décroissant,Sans objet,Aucun,Avant,Inconnue,A,1,Tué,Masculin,Promenade - loisirs,Sans objet,Non renseigné ou sans objet,1941.0,Casque,80.0,Non renseigné,Non renseigné,Humaine,15,2019-10-07,78.0
201900030040,2019,9,3,14:15:00,Plein jour,En agglomération,Hors intersection,Normale,Deux véhicules – par le coté,31557,DOUMERGUE (RUE GASTON),"43,5882900","1,3582000",31,Route Départementale,Bidirectionnelle,2.0,Sans objet,Plat,Plat,0.0,1,Normale,Aucun,Sur chaussée,PK ou PR ou numéro d’adresse postale croissant,Sans objet,Véhicule,Côté gauche,Dépassant à droite,B,1,Blessé hospitalisé,Féminin,Autre,Non renseigné,Non renseigné ou sans objet,1970.0,Non déterminable,50.0,Non déterminable,Non renseigné,Humaine,14,2019-09-03,49.0
201900030970,2019,5,28,16:53:00,Plein jour,En agglomération,Hors intersection,Pluie forte,Deux véhicules - frontale,31557,BD GENERAL DE GAULLE,"43,5846500","1,3251400",31,Voie Communale,Bidirectionnelle,2.0,Sans objet,Plat,Plat,0.0,1,Mouillée,Aucun,Sur chaussée,Inconnu,Sans objet,Véhicule,Avant,Sans changement de direction,A,1,Blessé léger,Masculin,Promenade - loisirs,Non renseigné,Non renseigné ou sans objet,2005.0,Non déterminable,50.0,Aucun équipement,Non renseigné,Humaine,16,2019-05-28,14.0
201900030973,2019,5,24,15:00:00,Plein jour,En agglomération,Hors intersection,Pluie légère,Deux véhicules - frontale,31557,PETIT TRAIN (RUE DU),"43,5833300","1,3355400",31,Voie Communale,Bidirectionnelle,2.0,Piste cyclable,Plat,Plat,0.0,1,Mouillée,Aucun,Sur chaussée,PK ou PR ou numéro d’adresse postale croissant,Sans objet,Véhicule,Côté gauche,Traversant la chaussée,B,1,Blessé léger,Masculin,Autre,Non renseigné,Non renseigné ou sans objet,1969.0,Non déterminable,50.0,Aucun équipement,Non renseigné,Humaine,15,2019-05-24,50.0
201900030976,2019,5,23,14:10:00,Plein jour,En agglomération,Hors intersection,Normale,Deux véhicules – par le coté,31555,AllÃ©e Serge RAVANEL,"43,5927600","1,4526100",31,Voie Communale,A sens unique,2.0,Sans objet,Plat,Plat,0.0,1,Normale,Aucun,Sur chaussée,PK ou PR ou numéro d’adresse postale décroissant,Sans objet,Véhicule,Côté gauche,Traversant la chaussée,A,1,Blessé léger,Féminin,Non renseigné,Non renseigné,Non renseigné ou sans objet,1942.0,Casque,50.0,Aucun équipement,Non renseigné,Inconnue,14,2019-05-23,77.0
201900030977,2019,5,23,06:50:00,Plein jour,En agglomération,Giratoire,Temps éblouissant,Deux véhicules – par le coté,31149,BRUNAUD (AVENUE YVES),"43,6155500","1,3418700",31,Voie Communale,A sens unique,2.0,Sans objet,Pente,Plat,0.0,1,Normale,Aucun,Sur chaussée,PK ou PR ou numéro d’adresse postale croissant,Sans objet,Véhicule,Arrière,Sans changement de direction,B,1,Blessé léger,Masculin,Non renseigné,Non renseigné,Non renseigné ou sans objet,1968.0,Casque,50.0,Aucun équipement,Non renseigné,Autre,6,2019-05-23,51.0
201900030982,2019,5,19,13:40:00,Plein jour,En agglomération,Hors intersection,Normale,Deux véhicules – par le coté,31555,LYON (AV DE) DU 1AU 37,"43,6160400","1,4532000",31,Route Départementale,Bidirectionnelle,2.0,Sans objet,Plat,Plat,0.0,1,Normale,Aucun,Sur chaussée,PK ou PR ou numéro d’adresse postale croissant,Sans objet,Véhicule,Avant,Sans changement de direction,B,1,Blessé léger,Masculin,Promenade - loisirs,Non renseigné,Non renseigné ou sans objet,1968.0,Non déterminable,30.0,Aucun équipement,Non renseigné,Humaine,13,2019-05-19,51.0