Num_Acc,annee,mois,jour,hrmn,éclairage,agglomeration,intersection,meteo,collision,commune,adresse,lat,long,departement,categorie_route,circulation,nombre_voies,voie_speciale,denivele,plan,largeur_terplein_central,largeur_route,surface,infra,situation,sens_circulation,obstacle_fixe,obstacle_mobile,sens_choc,manoeuvre,num_veh,place,gravite,sexe,trajet,localisation_pieton,action_pieton,annee_naissance,secu1,vitesse_max,secu2,secu3,motorisation,heure,date,age
202100036436,2021,6,4,07:28:00,Plein jour,En agglomération,Hors intersection,Normale,Deux véhicules – par le coté,31555,AV DE CASTRES,"43,5959300000","1,4851600000",31,Routes de métropole urbaine,Bidirectionnelle,3.0,Piste cyclable,Pente,Plat,0.0, -1,Normale,Aucun,Sur chaussée,PK ou PR ou numéro d’adresse postale croissant,Sans objet,Véhicule,Avant droit,Dépassant à gauche,A,1,Blessé léger,Masculin,Domicile - travail,Non renseigné,Non renseigné,1970.0,Non déterminable,50.0,Aucun équipement,Non renseigné,Humaine,7,2021-06-04,51.0
202100036880,2021,6,3,12:00:00,Plein jour,Hors agglomération,Intersection en X,Normale,Deux véhicules – par le coté,31382,Chemin de Beaufort,"43,4508240000","1,0742250000",31,Voie Communale,Non renseigné,2.0,Sans objet,Plat,Plat,0.0, -1,Normale,Aucun,Sur chaussée,Absence de repère,Sans objet,Véhicule,Côté gauche,Sans changement de direction,B,1,Blessé hospitalisé,Masculin,Promenade - loisirs,Sans objet,Non renseigné ou sans objet,1944.0,Casque,80.0,Non renseigné,Non renseigné,Inconnue,12,2021-06-03,77.0
202100038017,2021,5,26,17:50:00,Plein jour,En agglomération,Hors intersection,Normale,Deux véhicules – par le coté,31555,AV DE L HERS,"43,6139000000","1,4799500000",31,Voie Communale,Bidirectionnelle,1.0,Sans objet,Pente,Plat,0.0, -1,Normale,Aucun,Sur chaussée,PK ou PR ou numéro d’adresse postale croissant,Sans objet,Véhicule,Avant gauche,Traversant la chaussée,A,1,Blessé léger,Masculin,Autre,Non renseigné,Non renseigné,1972.0,Non déterminable,50.0,Aucun équipement,Non renseigné,Humaine,17,2021-05-26,49.0
202100039189,2021,5,12,16:26:00,Plein jour,Hors agglomération,Intersection en X,Normale,Deux véhicules - frontale,31553,CD 1,"43,7154030000","1,1683060000",31,Route Départementale,Bidirectionnelle,2.0,Sans objet,Plat,Plat,0.0, -1,Normale,Aucun,Sur chaussée,PK ou PR ou numéro d’adresse postale croissant,Sans objet,Véhicule,Avant,Sans changement de direction,B,1,Blessé léger,Masculin,Promenade - loisirs,Sans objet,Non renseigné ou sans objet,2007.0,Aucun équipement,80.0,Non renseigné,Non renseigné,Humaine,16,2021-05-12,14.0
202100040053,2021,5,12,12:10:00,Plein jour,En agglomération,Hors intersection,Normale,Autre collision,31149,LAURAGAIS (ALLEE DU),"43,6089117703","1,3354121288",31,Voie Communale,Bidirectionnelle,2.0,Sans objet,Plat,Plat,0.0, -1,Normale,Aucun,Sur chaussée,Absence de repère,Sans objet,Véhicule,Côté droit,Traversant la chaussée,B,1,Blessé léger,Masculin,Domicile - école,Non renseigné,Non renseigné,2008.0,Non déterminable,50.0,Aucun équipement,Non renseigné,Humaine,12,2021-05-12,13.0
202100040700,2021,4,8,15:00:00,Plein jour,Hors agglomération,Hors intersection,Normale,Deux véhicules – par l’arrière,31421,d820,"43,4837950000","1,3911310000",31,Voie Communale,A chaussées séparées,4.0,Sans objet,Plat,Plat,0.0, -1,Normale,Autres,Autres,Inconnu,Sans objet,Véhicule,Arrière droit,Traversant la chaussée,B,1,Blessé hospitalisé,Masculin,Domicile - école,Sans objet,Non renseigné ou sans objet,2003.0,Aucun équipement,110.0,Non renseigné,Non renseigné,Inconnue,15,2021-04-08,18.0
202100042942,2021,4,23,17:51:00,Plein jour,En agglomération,Hors intersection,Normale,Deux véhicules - frontale,31418,72 route du fouet,"43,6221120000","1,5236230000",31,Routes de métropole urbaine,Bidirectionnelle,2.0,Sans objet,Pente,Plat,0.0, -1,Normale,Aucun,Sur chaussée,PK ou PR ou numéro d’adresse postale croissant,Sans objet,Véhicule,Avant,Sans changement de direction,A,1,Blessé hospitalisé,Masculin,Promenade - loisirs,Sans objet,Non renseigné ou sans objet,1976.0,Casque,50.0,Non renseigné,Non renseigné,Humaine,17,2021-04-23,45.0
202100043173,2021,4,21,18:10:00,Plein jour,En agglomération,Hors intersection,Normale,Deux véhicules – par le coté,31149,OUEST (BOULEVARD DE L'),"43,6121000000","1,3223200000",31,Routes de métropole urbaine,A sens unique,1.0,Piste cyclable,Plat,Plat,0.0, -1,Normale,Aucun,Sur chaussée,PK ou PR ou numéro d’adresse postale croissant,Sans objet,Véhicule,Avant,Sans changement de direction,B,1,Blessé hospitalisé,Masculin,Promenade - loisirs,Non renseigné,Non renseigné,2006.0,Non déterminable,50.0,Aucun équipement,Non renseigné,Inconnue,18,2021-04-21,15.0
202100044365,2021,4,10,17:35:00,Plein jour,En agglomération,Hors intersection,Normale,Deux véhicules – par le coté,31555,LARDENNE (AV DE) DU 1AU 84,"43,5899900000","1,3755200000",31,Routes de métropole urbaine,Bidirectionnelle,2.0,Piste cyclable,Plat,Plat,0.0, -1,Normale,Aucun,Sur chaussée,PK ou PR ou numéro d’adresse postale croissant,Sans objet,Véhicule,Côté gauche,Tournant à gauche,A,1,Blessé léger,Féminin,Promenade - loisirs,Non renseigné,Non renseigné,2007.0,Casque,50.0,Non déterminable,Non renseigné,Hydrocarbures,17,2021-04-10,14.0
202100044828,2021,4,6,17:52:00,Plein jour,En agglomération,Giratoire,Normale,Deux véhicules – par le coté,31555,BAYONNE (ROUTE DE ),"43,6084140000","1,3779580000",31,Voie Communale,Bidirectionnelle,1.0,Piste cyclable,Plat,Plat,0.0, -1,Normale,Aucun,Sur chaussée,Absence de repère,Sans objet,Véhicule,Arrière,Tournant à gauche,A,1,Blessé léger,Féminin,Courses - achats,Non renseigné,Non renseigné,2000.0,Non déterminable,50.0,Aucun équipement,Non renseigné,Inconnue,17,2021-04-06,21.0
202100045065,2021,4,2,16:50:00,Plein jour,Hors agglomération,Giratoire,Normale,Sans collision,31424,Route de Colomiers,"43,5920870000","1,2852980000",31,Route Départementale,A chaussées séparées,2.0,Sans objet,Plat,Sommet de côte,0.0, -1,Normale,Aucun,Sur chaussée,PK ou PR ou numéro d’adresse postale décroissant,Sans objet,Aucun,Aucun,Inconnue,A,1,Tué,Masculin,Promenade - loisirs,Sans objet,Non renseigné ou sans objet,1977.0,Casque,70.0,Non renseigné,Non renseigné,Humaine,16,2021-04-02,44.0
202100045830,2021,3,31,19:25:00,Plein jour,En agglomération,Hors intersection,Normale,Deux véhicules - frontale,31113,Rue de LabÃ©ge,"43,5172100000","1,5018170000",31,Voie Communale,A sens unique,1.0,Sans objet,Plat,Sommet de côte,0.0, -1,Normale,Aucun,Sur chaussée,Absence de repère,Sans objet,Véhicule,Avant,A contresens,B,1,Blessé léger,Masculin,Promenade - loisirs,Sans objet,Non renseigné ou sans objet,2011.0,Aucun équipement,30.0,Non renseigné,Non renseigné,Humaine,19,2021-03-31,10.0
202100045852,2021,3,31,12:05:00,Plein jour,Hors agglomération,Intersection en X,Normale,Deux véhicules – par le coté,31347,croisement de la dÃ©partementale D6 et la D632,"43,3982670000","0,7941540000",31,Route Départementale,Bidirectionnelle,2.0,Sans objet,Plat,Plat,0.0, -1,Normale,Aucun,Sur chaussée,PK ou PR ou numéro d’adresse postale décroissant,Sans objet,Véhicule,Avant,Sans changement de direction,B,1,Blessé léger,Masculin,Promenade - loisirs,Sans objet,Non renseigné ou sans objet,1978.0,Casque,80.0,Autre,Non renseigné,Humaine,12,2021-03-31,43.0
202100046038,2021,3,30,15:45:00,Plein jour,Hors agglomération,Intersection en X,Normale,Deux véhicules – par le coté,31568,croisement CD.2  -  CD.11,"43,4800790000","1,6911650000",31,Route Départementale,Bidirectionnelle,2.0,Sans objet,Pente,Plat,0.0, -1,Normale,Carrefour aménagé,Sur chaussée,PK ou PR ou numéro d’adresse postale croissant,Sans objet,Véhicule,Côté gauche,Traversant la chaussée,A,1,Blessé hospitalisé,Masculin,Promenade - loisirs,Sans objet,Non renseigné ou sans objet,1935.0,Casque,-1.0,Non renseigné,Non renseigné,Humaine,15,2021-03-30,86.0
202100046923,2021,3,10,13:32:00,Plein jour,En agglomération,Hors intersection,Normale,Deux véhicules – par le coté,31555,FRONTON (AV DE) DU 1AU 176,"43,6297500000","1,4338100000",31,Routes de métropole urbaine,Bidirectionnelle,2.0,Sans objet,Plat,Plat,0.0, -1,Normale,Aucun,Sur chaussée,PK ou PR ou numéro d’adresse postale croissant,Sans objet,Véhicule,Chocs multiples (tonneaux),Sans changement de direction,B,1,Blessé léger,Masculin,Autre,Non renseigné,Non renseigné,1994.0,Casque,50.0,Aucun équipement,Non renseigné,Humaine,13,2021-03-10,27.0
202100049105,2021,3,5,18:40:00,Plein jour,En agglomération,Intersection en T,Pluie légère,Deux véhicules – par le coté,31344,BEDIAU (RUE DU),"43,0974800000","0,7480700000",31,Voie Communale,Bidirectionnelle,1.0,Sans objet,Plat,Plat,0.0, -1,Mouillée,Aucun,Sur chaussée,PK ou PR ou numéro d’adresse postale décroissant,Sans objet,Véhicule,Avant,Sans changement de direction,B,1,Blessé léger,Masculin,Promenade - loisirs,Non renseigné,Non renseigné,1964.0,Non déterminable,30.0,Aucun équipement,Non renseigné,Humaine,18,2021-03-05,57.0
202100049107,2021,3,5,13:10:00,Plein jour,En agglomération,Intersection en T,Normale,Deux véhicules – par le coté,31483,GAMBETTA (BOULEVARD),"43,0977200000","0,7127400000",31,Voie Communale,Bidirectionnelle,2.0,Sans objet,Plat,Plat,0.0, -1,Mouillée,Aucun,Sur chaussée,PK ou PR ou numéro d’adresse postale croissant,Sans objet,Véhicule,Côté droit,Autres manœuvres,B,1,Blessé léger,Masculin,Promenade - loisirs,Non renseigné,Non renseigné,1944.0,Non déterminable,50.0,Aucun équipement,Non renseigné,Humaine,13,2021-03-05,77.0
202100049789,2021,1,31,13:18:00,Plein jour,En agglomération,Autre intersection,Temps couvert,Deux véhicules – par le coté,31082,Cote des Rouilleres,"43,5991017090","1,7123354245",31,Route Départementale,Bidirectionnelle,2.0,Sans objet,Pente,Plat,0.0, -1,Mouillée,Aucun,Sur chaussée,Absence de repère,Sans objet,Véhicule,Avant,Tournant à gauche,A,1,Blessé hospitalisé,Masculin,Promenade - loisirs,Sans objet,Non renseigné ou sans objet,2006.0,Aucun équipement,50.0,Non renseigné,Non renseigné,Autre,13,2021-01-31,15.0
202100049809,2021,2,25,17:30:00,Plein jour,Hors agglomération,Hors intersection,Normale,Deux véhicules – par le coté,31587,1074 Route de Bouloc,"43,7823260000","1,4356240000",31,Route Départementale,Bidirectionnelle,2.0,Sans objet,Plat,Plat,0.0, -1,Normale,Aucun,Sur chaussée,PK ou PR ou numéro d’adresse postale décroissant,Sans objet,Véhicule,Côté gauche,Tournant à gauche,B,1,Blessé léger,Masculin,Promenade - loisirs,Sans objet,Non renseigné ou sans objet,1967.0,Casque,80.0,Non renseigné,Non renseigné,Inconnue,17,2021-02-25,54.0
202100050809,2021,2,19,10:00:00,Plein jour,En agglomération,Giratoire,Normale,Deux véhicules – par le coté,31232,Avenue de Guiraudis - D29,"43,7703270000","1,2864950000",31,Route Départementale,Bidirectionnelle,2.0,Sans objet,Plat,Plat,0.0, -1,Normale,Aucun,Sur chaussée,PK ou PR ou numéro d’adresse postale croissant,Sans objet,Véhicule,Côté droit,Sans changement de direction,B,1,Blessé hospitalisé,Masculin,Promenade - loisirs,Sans objet,Non renseigné ou sans objet,1962.0,Casque,50.0,Gants (2RM/3RM),Non renseigné,Humaine,10,2021-02-19,59.0
202100052019,2021,2,6,11:45:00,Plein jour,En agglomération,Hors intersection,Normale,Deux véhicules – par l’arrière,31555,ROND-POINT JOSEPH SAUVEUR,"43,5783300000","1,3939000000",31,Voie Communale,Non renseigné,2.0,Sans objet,Plat,Pente,0.0, -1,Normale,Aucun,Sur chaussée,PK ou PR ou numéro d’adresse postale croissant,Sans objet,Véhicule,Arrière,Sans changement de direction,B,1,Blessé léger,Masculin,Non renseigné,Non renseigné,Non renseigné,1974.0,Casque,50.0,Aucun équipement,Non renseigné,Humaine,11,2021-02-06,47.0
202100052549,2021,2,3,16:05:00,Plein jour,En agglomération,Hors intersection,Normale,Sans collision,31483,JOFFRE (AVENUE DU MARECHAL),"43,1070900000","0,7201100000",31,Route Départementale,Bidirectionnelle,2.0,Sans objet,Plat,Plat,0.0, -1,Normale,Aucun,Sur chaussée,PK ou PR ou numéro d’adresse postale croissant,Sans objet,Véhicule,Aucun,Déporté à gauche,A,1,Blessé léger,Masculin,Non renseigné,Non renseigné,Non renseigné,1999.0,Non déterminable,50.0,Aucun équipement,Non renseigné,Inconnue,16,2021-02-03,22.0
202100052893,2021,1,30,22:00:00,Nuit avec éclairage public allumé,En agglomération,Hors intersection,Pluie légère,Deux véhicules – par l’arrière,31555,Avenue Jean Rieux,"43,5978800000","1,4579800000",31,Voie Communale,Bidirectionnelle,2.0,Sans objet,Plat,Plat,0.0, -1,Mouillée,Aucun,Sur chaussée,Inconnu,Sans objet,Véhicule,Arrière,Sans changement de direction,B,1,Blessé léger,Féminin,Non renseigné,Non renseigné,Non renseigné,1991.0,Casque,50.0,Aucun équipement,Non renseigné,Humaine,22,2021-01-30,30.0
202100054338,2021,1,19,15:40:00,Plein jour,En agglomération,Hors intersection,Normale,Autre collision,31555,213 Route dâAlbi,"43,6428400000","1,4675600000",31,Routes de métropole urbaine,A chaussées séparées,4.0,Sans objet,Plat,Plat,0.0, -1,Normale,Aucun,Sur chaussée,PK ou PR ou numéro d’adresse postale croissant,Sans objet,Véhicule,Avant,Traversant la chaussée,B,1,Tué,Masculin,Promenade - loisirs,Sans objet,Non renseigné ou sans objet,1957.0,Aucun équipement,50.0,Non renseigné,Non renseigné,Humaine,15,2021-01-19,64.0
202100054448,2021,1,19,06:35:00,Nuit sans éclairage public,En agglomération,Hors intersection,Normale,Deux véhicules - frontale,31555,97 rue de Fenouillet,"43,6298200000","1,4239600000",31,Voie Communale,Non renseigné,2.0,Sans objet,Plat,Plat,0.0, -1,Normale,Aucun,Sur chaussée,Inconnu,Sans objet,Véhicule,Avant,Circulant sur trottoir,B,1,Blessé léger,Masculin,Non renseigné,Non renseigné,Non renseigné,1995.0,Casque,50.0,Aucun équipement,Non renseigné,Humaine,6,2021-01-19,26.0
202100055803,2021,1,8,08:36:00,Crépuscule ou aube,En agglomération,Hors intersection,Normale,Deux véhicules – par l’arrière,31149,Rond-point de Gascogne,"43,6085900000","1,3268000000",31,Routes de métropole urbaine,A sens unique,2.0,Sans objet,Plat,Pente,0.0, -1,Normale,Aucun,Sur chaussée,PK ou PR ou numéro d’adresse postale croissant,Sans objet,Véhicule,Aucun,Sans changement de direction,B,1,Blessé léger,Masculin,Non renseigné,Non renseigné,Non renseigné,1992.0,Casque,50.0,Gilet réfléchissant,Non renseigné,Humaine,8,2021-01-08,29.0
202100055805,2021,1,7,19:10:00,Nuit avec éclairage public allumé,En agglomération,Hors intersection,Normale,Deux véhicules – par le coté,31555,Rond-Point Louis Destrem,"43,5878500000","1,3945600000",31,Routes de métropole urbaine,A sens unique,-1.0,Sans objet,Plat,Sommet de côte,0.0, -1,Normale,Aucun,Sur chaussée,PK ou PR ou numéro d’adresse postale croissant,Sans objet,Véhicule,Côté droit,Changeant de file à droite,A,1,Blessé hospitalisé,Féminin,Domicile - travail,Non renseigné,Non renseigné,2000.0,Non déterminable,50.0,Aucun équipement,Non renseigné,Humaine,19,2021-01-07,21.0
202200000507,2022,10,19,16:15:00,Plein jour,En agglomération,Hors intersection,Normale,Deux véhicules – par le coté,31467,Rue Léon Blum,"43,6867330000","1,4202610000",31,Voie Communale,Bidirectionnelle,2.0,Piste cyclable,Plat,Sommet de côte,0.0,4,Normale,Aucun,Sur chaussée,Absence de repère,Sans objet,Aucun,Côté gauche,Traversant la chaussée,A,1,Blessé hospitalisé,Masculin,Promenade - loisirs,Sans objet,Non renseigné ou sans objet,2010.0,Casque,50.0,Non renseigné,Non renseigné,Humaine,16,2022-10-19,12.0
202200001550,2022,5,3,09:05:00,Plein jour,En agglomération,Hors intersection,Normale,Autre collision,31555,RIEUX (AV JEAN) DU 1AU 41,"43,5982500000","1,4569900000",31,Voie Communale,Bidirectionnelle,2.0,Sans objet,Bas de côte,Plat,0.0, -1,Normale,Aucun,Sur chaussée,PK ou PR ou numéro d’adresse postale décroissant,Sans objet,Piéton,Avant,Sans changement de direction,A,1,Blessé léger,Masculin,Domicile - travail,Non renseigné,Non renseigné,1989.0,Non déterminable,50.0,Aucun équipement,Non renseigné,Humaine,9,2022-05-03,33.0
202200001550,2022,5,3,09:05:00,Plein jour,En agglomération,Hors intersection,Normale,Autre collision,31555,RIEUX (AV JEAN) DU 1AU 41,"43,5982500000","1,4569900000",31,Voie Communale,Bidirectionnelle,2.0,Sans objet,Bas de côte,Plat,0.0, -1,Normale,Aucun,Sur chaussée,PK ou PR ou numéro d’adresse postale décroissant,Sans objet,Piéton,Avant,Sans changement de direction,A,3,Blessé hospitalisé,Féminin,Autre,A - 50 m du passage piéton,Traversant,1942.0,Aucun équipement,50.0,Non renseigné,Non renseigné,Humaine,9,2022-05-03,80.0
202200004321,2022,9,15,08:25:00,Plein jour,En agglomération,Autre intersection,Normale,Deux véhicules – par le coté,31555,BD LASCROSSES,"43,6088400000","1,4298200000",31,Voie Communale,Bidirectionnelle,6.0,Voie réservée,Plat,Plat,0.0, -1,Normale,Aucun,Sur chaussée,PK ou PR ou numéro d’adresse postale croissant,Véhicule en stationnement,Véhicule,Côté gauche,Changeant de file à gauche,B,1,Blessé léger,Féminin,Non renseigné,Non renseigné,Non renseigné,1999.0,Non déterminable,50.0,Aucun équipement,Non renseigné,Humaine,8,2022-09-15,23.0
202200005858,2022,4,30,13:40:00,Plein jour,Hors agglomération,Hors intersection,Normale,Autre collision,31413,8 route de cadours,"43,7349960000","1,1070230000",31,Route Départementale,Bidirectionnelle,2.0,Sans objet,Plat,Plat,0.0, -1,Normale,Aucun,Sur chaussée,PK ou PR ou numéro d’adresse postale croissant,Véhicule en stationnement,Aucun,Avant,Sans changement de direction,A,1,Blessé hospitalisé,Masculin,Promenade - loisirs,Sans objet,Non renseigné ou sans objet,1964.0,Casque,80.0,Non renseigné,Non renseigné,Humaine,13,2022-04-30,58.0
202200007909,2022,9,13,09:25:00,Plein jour,En agglomération,Autre intersection,Normale,Deux véhicules – par le coté,31555,RTE D ESPAGNE,"43,5473000000","1,4193700000",31,Routes de métropole urbaine,A chaussées séparées,3.0,Voie réservée,Plat,Plat,0.0, -1,Normale,Autres,Sur chaussée,PK ou PR ou numéro d’adresse postale décroissant,Sans objet,Véhicule,Côté gauche,Traversant la chaussée,A,1,Blessé hospitalisé,Masculin,Domicile - travail,Non renseigné,Non renseigné,1987.0,Casque,50.0,Aucun équipement,Non renseigné,Humaine,9,2022-09-13,35.0
202200009421,2022,3,18,07:14:00,Crépuscule ou aube,En agglomération,Giratoire,Normale,Deux véhicules – par le coté,31149,FONTAINE LUMINEUSE (Rd Point),"43,6092800000","1,3526800000",31,Routes de métropole urbaine,A sens unique,3.0,Sans objet,Plat,Plat,0.0, -1,Normale,Autres,Sur chaussée,PK ou PR ou numéro d’adresse postale croissant,Sans objet,Véhicule,Côté droit,Sans changement de direction,B,1,Blessé hospitalisé,Masculin,Domicile - travail,Non renseigné,Non renseigné,1976.0,Non déterminable,50.0,Gilet réfléchissant,Non renseigné,Humaine,7,2022-03-18,46.0
202200009521,2022,6,1,09:15:00,Plein jour,Hors agglomération,Hors intersection,Normale,Deux véhicules - frontale,31210,D500 Canal du Midi,"43,3938660000","1,6880450000",31,Route Départementale,Bidirectionnelle,2.0,Sans objet,Pente,Sommet de côte,0.0, -1,Normale,Aucun,Sur chaussée,PK ou PR ou numéro d’adresse postale croissant,Sans objet,Autre,Avant,Déporté à gauche,A,1,Blessé léger,Masculin,Promenade - loisirs,Sans objet,Non renseigné ou sans objet,1948.0,Casque,-1.0,Gants (2RM/3RM),Non renseigné,Humaine,9,2022-06-01,74.0
202200009521,2022,6,1,09:15:00,Plein jour,Hors agglomération,Hors intersection,Normale,Deux véhicules - frontale,31210,D500 Canal du Midi,"43,3938660000","1,6880450000",31,Route Départementale,Bidirectionnelle,2.0,Sans objet,Pente,Sommet de côte,0.0, -1,Normale,Aucun,Sur chaussée,PK ou PR ou numéro d’adresse postale décroissant,Sans objet,Autre,Avant,Déporté à gauche,B,1,Blessé hospitalisé,Masculin,Promenade - loisirs,Sans objet,Non renseigné ou sans objet,1944.0,Casque,-1.0,Gants (2RM/3RM),Non renseigné,Humaine,9,2022-06-01,78.0
202200009525,2022,5,31,18:10:00,Plein jour,En agglomération,Hors intersection,Temps éblouissant,Deux véhicules – par le coté,31042,Avenue Jean MOULIN,"42,7934480000","0,5878110000",31,Route Départementale,Bidirectionnelle,2.0,Sans objet,Plat,Plat,0.0,5,Normale,Carrefour aménagé,Sur chaussée,PK ou PR ou numéro d’adresse postale croissant,Sans objet,Véhicule,Côté gauche,Sans changement de direction,B,1,Blessé hospitalisé,Masculin,Promenade - loisirs,Sans objet,Non renseigné ou sans objet,1949.0,Casque,50.0,Non renseigné,Non renseigné,Humaine,18,2022-05-31,73.0
202200009818,2022,9,13,07:40:00,Crépuscule ou aube,En agglomération,Giratoire,Temps couvert,Deux véhicules – par l’arrière,31157,Rue de la Francoy,"43,5452480000","1,3430950000",31,Voie Communale,Bidirectionnelle,2.0,Sans objet,Plat,Bas de côte,0.0, -1,Normale,Aucun,Sur chaussée,Inconnu,Sans objet,Véhicule,Arrière,Sans changement de direction,B,1,Blessé hospitalisé,Féminin,Promenade - loisirs,Sans objet,Non renseigné ou sans objet,1953.0,Aucun équipement,50.0,Non renseigné,Non renseigné,Humaine,7,2022-09-13,69.0
202200011413,2022,5,30,09:05:00,Plein jour,En agglomération,Hors intersection,Normale,Deux véhicules – par l’arrière,31044,Avenue de Calvel,"43,6019310000","1,5075840000",31,Routes de métropole urbaine,A chaussées séparées,2.0,Bande cyclable,Pente,Plat,0.0, -1,Normale,Aucun,Sur piste cyclable,PK ou PR ou numéro d’adresse postale croissant,Sans objet,Aucun,Arrière,Sans changement de direction,B,1,Blessé léger,Masculin,Domicile - école,Sans objet,Non renseigné ou sans objet,1958.0,Casque,50.0,Gants (2RM/3RM),Non renseigné,Humaine,9,2022-05-30,64.0
202200011413,2022,5,30,09:05:00,Plein jour,En agglomération,Hors intersection,Normale,Deux véhicules – par l’arrière,31044,Avenue de Calvel,"43,6019310000","1,5075840000",31,Routes de métropole urbaine,A chaussées séparées,2.0,Bande cyclable,Pente,Plat,0.0, -1,Normale,Aucun,Sur piste cyclable,PK ou PR ou numéro d’adresse postale croissant,Sans objet,Aucun,Arrière,Sans changement de direction,B,2,Blessé léger,Féminin,Domicile - école,Sans objet,Non renseigné ou sans objet,2020.0,Casque,50.0,Gants (2RM/3RM),Dispositif enfants,Humaine,9,2022-05-30,2.0
202200012206,2022,6,29,12:05:00,Plein jour,En agglomération,Hors intersection,Normale,Deux véhicules – par le coté,31483,ADOUE JEAN (RUE),"43,1136707940","0,7527163625",31,Voie Communale,Bidirectionnelle,2.0,Sans objet,Plat,Plat,0.0, -1,Normale,Aucun,Sur chaussée,Absence de repère,Sans objet,Véhicule,Avant,En s’insérant,B,1,Blessé hospitalisé,Masculin,Domicile - école,Non renseigné,Non renseigné,2004.0,Non déterminable,30.0,Aucun équipement,Non renseigné,Humaine,12,2022-06-29,18.0
202200012758,2022,11,16,16:15:00,Plein jour,Hors agglomération,Hors intersection,Normale,Sans collision,31483,D 9  ROUTE DE LA SERRE DE NEROUS,"43,1230500000","0,7111200000",31,Route Départementale,Bidirectionnelle,2.0,Sans objet,Pente,Plat,0.0, -1,Normale,Aucun,Sur chaussée,PK ou PR ou numéro d’adresse postale croissant,Sans objet,Véhicule,Arrière,Sans changement de direction,B,1,Blessé léger,Masculin,Promenade - loisirs,Sans objet,Non renseigné ou sans objet,2009.0,Casque,80.0,Non déterminable,Non renseigné,Humaine,16,2022-11-16,13.0
202200013706,2022,9,10,09:10:00,Plein jour,Hors agglomération,Hors intersection,Temps éblouissant,Trois véhicules et plus - collisions multiples,31152,D6,"43,3516380000","0,8814870000",31,Route Départementale,Bidirectionnelle,2.0,Sans objet,Pente,Plat,0.0, -1,Normale,Aucun,Sur accotement,PK ou PR ou numéro d’adresse postale croissant,Sans objet,Véhicule,Arrière,"Même sens, même file",B,1,Blessé léger,Masculin,Promenade - loisirs,Sans objet,Non renseigné ou sans objet,1978.0,Casque,80.0,Non renseigné,Non renseigné,Humaine,9,2022-09-10,44.0
202200013706,2022,9,10,09:10:00,Plein jour,Hors agglomération,Hors intersection,Temps éblouissant,Trois véhicules et plus - collisions multiples,31152,D6,"43,3516380000","0,8814870000",31,Route Départementale,Bidirectionnelle,2.0,Sans objet,Pente,Plat,0.0, -1,Normale,Aucun,Sur accotement,PK ou PR ou numéro d’adresse postale croissant,Sans objet,Véhicule,Arrière,"Même sens, même file",C,1,Indemne,Masculin,Promenade - loisirs,Sans objet,Non renseigné ou sans objet,1966.0,Casque,80.0,Non renseigné,Non renseigné,Humaine,9,2022-09-10,56.0