Num_Acc,annee,mois,jour,hrmn,éclairage,agglomeration,intersection,meteo,collision,commune,adresse,lat,long,departement,categorie_route,circulation,nombre_voies,voie_speciale,denivele,plan,largeur_terplein_central,largeur_route,surface,infra,situation,sens_circulation,obstacle_fixe,obstacle_mobile,sens_choc,manoeuvre,num_veh,place,gravite,sexe,trajet,localisation_pieton,action_pieton,annee_naissance,secu1,vitesse_max,secu2,secu3,motorisation,heure,date,age
202200013706,2022,9,10,09:10:00,Plein jour,Hors agglomération,Hors intersection,Temps éblouissant,Trois véhicules et plus - collisions multiples,31152,D6,"43,3516380000","0,8814870000",31,Route Départementale,Bidirectionnelle,2.0,Sans objet,Pente,Plat,0.0, -1,Normale,Aucun,Sur accotement,PK ou PR ou numéro d’adresse postale croissant,Sans objet,Véhicule,Arrière,"Même sens, même file",D,1,Blessé hospitalisé,Féminin,Promenade - loisirs,Sans objet,Non renseigné ou sans objet,1977.0,Casque,80.0,Non renseigné,Non renseigné,Humaine,9,2022-09-10,45.0
202200013706,2022,9,10,09:10:00,Plein jour,Hors agglomération,Hors intersection,Temps éblouissant,Trois véhicules et plus - collisions multiples,31152,D6,"43,3516380000","0,8814870000",31,Route Départementale,Bidirectionnelle,2.0,Sans objet,Pente,Plat,0.0, -1,Normale,Aucun,Sur accotement,PK ou PR ou numéro d’adresse postale croissant,Sans objet,Véhicule,Arrière,"Même sens, même file",E,1,Blessé léger,Masculin,Promenade - loisirs,Sans objet,Non renseigné ou sans objet,1978.0,Casque,80.0,Non renseigné,Non renseigné,Humaine,9,2022-09-10,44.0
202200014043,2022,10,11,16:15:00,Plein jour,En agglomération,Intersection en T,Normale,Deux véhicules – par le coté,31555,RUE DES IFS,"43,5954100000","1,4892400000",31,Voie Communale,A sens unique,1.0,Sans objet,Bas de côte,Plat,0.0, -1,Normale,Aucun,Sur chaussée,Inconnu,Sans objet,Véhicule,Avant,Tournant à droite,A,1,Blessé hospitalisé,Masculin,Domicile - école,Non renseigné,Non renseigné,2009.0,Casque,30.0,Aucun équipement,Non renseigné,Humaine,16,2022-10-11,13.0
202200017538,2022,12,17,19:05:00,Nuit sans éclairage public,En agglomération,Hors intersection,Normale,Autre collision,31555,AV D ATLANTA,"43,6330120000","1,4742300000",31,Voie Communale,Bidirectionnelle,2.0,Piste cyclable,Plat,Plat,0.0, -1,Normale,Aucun,Sur piste cyclable,Absence de repère,Sans objet,Piéton,Avant,Sans changement de direction,A,3,Blessé hospitalisé,Féminin,Promenade - loisirs,Inconnue,Se déplaçant sens inverse du véhicule,1944.0,Aucun équipement,30.0,Non renseigné,Non renseigné,Humaine,19,2022-12-17,78.0
202200017538,2022,12,17,19:05:00,Nuit sans éclairage public,En agglomération,Hors intersection,Normale,Autre collision,31555,AV D ATLANTA,"43,6330120000","1,4742300000",31,Voie Communale,Bidirectionnelle,2.0,Piste cyclable,Plat,Plat,0.0, -1,Normale,Aucun,Sur piste cyclable,Absence de repère,Sans objet,Piéton,Avant,Sans changement de direction,A,1,Indemne,Masculin,Promenade - loisirs,Sans objet,Non renseigné ou sans objet,1954.0,Non déterminable,30.0,Non déterminable,Non renseigné,Humaine,19,2022-12-17,68.0
202200017633,2022,4,22,16:45:00,Plein jour,En agglomération,Hors intersection,Normale,Deux véhicules – par le coté,31555,STRASBOURG (BD DE) DU 1AU 33,"43,6071530000","1,4471580000",31,Voie Communale,Bidirectionnelle,4.0,Voie réservée,Plat,Plat,0.0, -1,Normale,Aucun,Sur chaussée,PK ou PR ou numéro d’adresse postale décroissant,Sans objet,Véhicule,Côté gauche,Sans changement de direction,B,1,Blessé léger,Féminin,Domicile - travail,Non renseigné,Non renseigné,1964.0,Non déterminable,50.0,Aucun équipement,Non renseigné,Humaine,16,2022-04-22,58.0
202200017643,2022,9,6,19:25:00,Plein jour,En agglomération,Hors intersection,Normale,Deux véhicules – par le coté,31555,AV JOLIOT CURIE,"43,5579800000","1,4258000000",31,Voie Communale,Bidirectionnelle,4.0,Sans objet,Plat,Plat,0.0, -1,Normale,Aucun,Sur piste cyclable,Absence de repère,Sans objet,Véhicule,Côté droit,Traversant la chaussée,A,1,Blessé léger,Masculin,Domicile - travail,Non renseigné,Non renseigné,1993.0,Non déterminable,30.0,Aucun équipement,Non renseigné,Humaine,19,2022-09-06,29.0
202200018532,2022,11,10,14:40:00,Plein jour,En agglomération,Giratoire,Normale,Deux véhicules – par le coté,31149,ROND POINT JUPITER,"43,6049500000","1,3075400000",31,Routes de métropole urbaine,A sens unique,1.0,Sans objet,Pente,Sommet de côte,0.0, -1,Normale,Aucun,Sur chaussée,PK ou PR ou numéro d’adresse postale croissant,Sans objet,Véhicule,Côté gauche,"Même sens, même file",B,1,Blessé léger,Masculin,Promenade - loisirs,Sans objet,Non renseigné ou sans objet,1954.0,Casque,50.0,Aucun équipement,Non renseigné,Humaine,14,2022-11-10,68.0
202200018544,2022,11,8,18:30:00,Crépuscule ou aube,En agglomération,Intersection en X,Normale,Deux véhicules – par le coté,31555,RUE DES LIBELLULES,"43,5745000000","1,4573300000",31,Voie Communale,Bidirectionnelle,4.0,Bande cyclable,Plat,Plat,0.0, -1,Normale,Aucun,Sur piste cyclable,Absence de repère,Sans objet,Véhicule,Avant,Sans changement de direction,B,1,Blessé hospitalisé,Masculin,Domicile - école,Sans objet,Non renseigné ou sans objet,2004.0,Non déterminable,50.0,Aucun équipement,Non renseigné,Humaine,18,2022-11-08,18.0
202200021248,2022,2,20,13:30:00,Plein jour,En agglomération,Hors intersection,Pluie légère,Deux véhicules – par le coté,31044,Route de Mons,"43,6102790000","1,5196650000",31,Routes de métropole urbaine,Bidirectionnelle,2.0,Sans objet,Pente,Plat,0.0, -1,Mouillée,Carrefour aménagé,Sur chaussée,PK ou PR ou numéro d’adresse postale décroissant,Sans objet,Véhicule,Avant droit,Sans changement de direction,A,1,Blessé hospitalisé,Masculin,Promenade - loisirs,Sans objet,Non renseigné ou sans objet,1980.0,Casque,50.0,Non renseigné,Non renseigné,Humaine,13,2022-02-20,42.0
202200023451,2022,4,17,22:10:00,Nuit avec éclairage public allumé,En agglomération,Hors intersection,Normale,Deux véhicules – par le coté,31555,PONT PIERRE DE COUBERTIN,"43,5843200000","1,4344200000",31,Voie Communale,Bidirectionnelle,8.0,Piste cyclable,Plat,Plat,0.0, -1,Normale,Pont - autopont,Sur chaussée,Inconnu,Bordure de trottoir,Aucun,Côté gauche,Déporté à gauche,A,1,Blessé léger,Masculin,Promenade - loisirs,Sans objet,Non renseigné ou sans objet,1976.0,Non déterminable,50.0,Aucun équipement,Non renseigné,Humaine,22,2022-04-17,46.0
202200023983,2022,11,11,18:10:00,Nuit avec éclairage public allumé,En agglomération,Hors intersection,Normale,Deux véhicules – par l’arrière,31555,BILLIERES (AV ETIENNE) DU 1AU 78,"43,5976500000","1,4293200000",31,Voie Communale,Bidirectionnelle,4.0,Piste cyclable,Plat,Plat,0.0, -1,Normale,Aucun,Sur piste cyclable,PK ou PR ou numéro d’adresse postale croissant,Véhicule en stationnement,Aucun,Avant,Sans changement de direction,A,1,Blessé hospitalisé,Masculin,Promenade - loisirs,Sans objet,Non renseigné ou sans objet,1992.0,Non déterminable,50.0,Aucun équipement,Non renseigné,Humaine,18,2022-11-11,30.0
202200024206,2022,10,5,08:40:00,Plein jour,En agglomération,Giratoire,Normale,Deux véhicules – par le coté,31555,AV DU PR GUY ESPAGNO,"43,6141700000","1,3978500000",31,Voie Communale,Bidirectionnelle,3.0,Piste cyclable,Sommet de côte,Plat,0.0, -1,Normale,Carrefour aménagé,Sur piste cyclable,Inconnu,Sans objet,Véhicule,Chocs multiples (tonneaux),Traversant la chaussée,B,1,Blessé léger,Féminin,Non renseigné,Non renseigné,Non renseigné,1997.0,Non déterminable,50.0,Aucun équipement,Non renseigné,Humaine,8,2022-10-05,25.0
202200024254,2022,1,28,17:10:00,Plein jour,En agglomération,Giratoire,Normale,Deux véhicules – par l’arrière,31417,Rue Principale,"43,6169470000","1,2799230000",31,Routes de métropole urbaine,Bidirectionnelle,2.0,Sans objet,Plat,Pente,0.0,4,Normale,Carrefour aménagé,Sur chaussée,PK ou PR ou numéro d’adresse postale décroissant,Sans objet,Aucun,Arrière,Sans changement de direction,A,1,Blessé hospitalisé,Masculin,Promenade - loisirs,Sans objet,Non renseigné ou sans objet,1975.0,Casque,50.0,Autre,Non renseigné,Humaine,17,2022-01-28,47.0
202200024851,2022,5,23,15:38:00,Plein jour,En agglomération,Intersection en T,Normale,Deux véhicules – par l’arrière,31555,RTE DE SEYSSES,"43,5613400000","1,4056500000",31,Routes de métropole urbaine,Non renseigné,6.0,Piste cyclable,Plat,Plat,0.0, -1,Normale,Aucun,Sur piste cyclable,PK ou PR ou numéro d’adresse postale décroissant,Sans objet,Véhicule,Avant,Inconnue,B,1,Blessé hospitalisé,Masculin,Non renseigné,Non renseigné,Non renseigné,1996.0,Casque,50.0,Non déterminable,Non renseigné,Humaine,15,2022-05-23,26.0
202200025002,2022,2,27,16:00:00,Plein jour,Hors agglomération,Intersection en X,Normale,Deux véhicules – par le coté,31405,N125,"42,9740010000","0,6469060000",31,Route nationale,Bidirectionnelle,3.0,Voie réservée,Plat,Plat,0.0, -1,Normale,Carrefour aménagé,Sur chaussée,PK ou PR ou numéro d’adresse postale croissant,Sans objet,Véhicule,Avant gauche,Tournant à gauche,B,1,Blessé hospitalisé,Masculin,Promenade - loisirs,Sans objet,Non renseigné ou sans objet,1950.0,Casque,80.0,Non renseigné,Non renseigné,Humaine,16,2022-02-27,72.0
202200026400,2022,7,22,08:45:00,Plein jour,En agglomération,Hors intersection,Normale,Deux véhicules – par le coté,31555,AV JEAN CHAUBET,"43,6042500000","1,4744000000",31,Voie Communale,Bidirectionnelle,1.0,Sans objet,Pente,Plat,0.0, -1,Normale,Aucun,Autres,Absence de repère,Sans objet,Véhicule,Avant,Traversant la chaussée,A,1,Blessé léger,Masculin,Domicile - travail,Non renseigné,Non renseigné,1997.0,Casque,50.0,Aucun équipement,Non renseigné,Humaine,8,2022-07-22,25.0
202200027198,2022,9,1,18:40:00,Plein jour,En agglomération,Hors intersection,Normale,Deux véhicules - frontale,31547,Route de Toulouse,"43,5050050000","1,3220820000",31,Route Départementale,Non renseigné,2.0,Piste cyclable,Plat,Plat,0.0, -1,Normale,Aucun,Sur chaussée,PK ou PR ou numéro d’adresse postale croissant,Sans objet,Véhicule,Côté gauche,Circulant sur trottoir,A,1,Blessé hospitalisé,Masculin,Promenade - loisirs,Sans objet,Non renseigné ou sans objet,2010.0,Aucun équipement,50.0,Non renseigné,Non renseigné,Humaine,18,2022-09-01,12.0
202200027735,2022,1,24,10:20:00,Plein jour,En agglomération,Hors intersection,Normale,Deux véhicules – par le coté,31555,ALL JULES GUESDE,"43,5930631495","1,4450669289",31,Voie Communale,Bidirectionnelle,3.0,Sans objet,Plat,Plat,0.0, -1,Normale,Zone piétonne,Sur autre voie spéciale,Absence de repère,Sans objet,Véhicule,Arrière droit,Traversant la chaussée,A,1,Blessé léger,Masculin,Non renseigné,Non renseigné,Non renseigné,1979.0,Casque,50.0,Aucun équipement,Non renseigné,Humaine,10,2022-01-24,43.0
202200028088,2022,11,8,22:29:00,Nuit avec éclairage public allumé,En agglomération,Intersection en X,Normale,Deux véhicules – par le coté,31555,AV DE LARDENNE,"43,5920980000","1,3995580000",31,Routes de métropole urbaine,Bidirectionnelle,2.0,Bande cyclable,Plat,Plat,0.0, -1,Normale,Aucun,Sur chaussée,PK ou PR ou numéro d’adresse postale décroissant,Sans objet,Véhicule,Avant,Sans changement de direction,B,1,Blessé hospitalisé,Masculin,Non renseigné,Sans objet,Non renseigné ou sans objet,1963.0,Non déterminable,50.0,Aucun équipement,Non renseigné,Humaine,22,2022-11-08,59.0
202200029576,2022,1,24,15:40:00,Plein jour,Hors agglomération,Intersection en Y,Normale,Deux véhicules – par l’arrière,31150,Route de Colomiers,"43,6374100502","1,3324503601",31,Routes de métropole urbaine,Bidirectionnelle,2.0,Sans objet,Plat,Plat,0.0, -1,Normale,Aucun,Sur chaussée,PK ou PR ou numéro d’adresse postale croissant,Sans objet,Véhicule,Arrière,Déporté à gauche,A,1,Blessé hospitalisé,Masculin,Promenade - loisirs,Sans objet,Non renseigné ou sans objet,1952.0,Casque,80.0,Non renseigné,Non renseigné,Humaine,15,2022-01-24,70.0
202200031272,2022,6,18,22:10:00,Nuit avec éclairage public allumé,En agglomération,Intersection en T,Normale,Deux véhicules – par le coté,31555,LASCROSSES (BD) DU 1AU 17,"43,6103100000","1,4348000000",31,Voie Communale,Bidirectionnelle,6.0,Sans objet,Plat,Plat,0.0, -1,Normale,Aucun,Sur chaussée,Absence de repère,Sans objet,Véhicule,Avant,Traversant la chaussée,B,1,Blessé léger,Masculin,Non renseigné,Non renseigné,Non renseigné,1976.0,Non déterminable,50.0,Aucun équipement,Non renseigné,Humaine,22,2022-06-18,46.0
202200034189,2022,12,7,14:45:00,Plein jour,En agglomération,Giratoire,Normale,Deux véhicules – par le coté,31557,AURIOL (BD VINCENT),"43,5845700000","1,3440700000",31,Routes de métropole urbaine,A sens unique,2.0,Sans objet,Plat,Plat,0.0, -1,Normale,Aucun,Sur chaussée,PK ou PR ou numéro d’adresse postale croissant,Sans objet,Véhicule,Côté droit,Autres manœuvres,B,1,Blessé léger,Masculin,Non renseigné,Sans objet,Non renseigné ou sans objet,1970.0,Casque,50.0,Aucun équipement,Non renseigné,Humaine,14,2022-12-07,52.0
202200035256,2022,2,28,17:00:00,Plein jour,Hors agglomération,Hors intersection,Normale,Sans collision,31239,Route de Puymaurin,"43,3787230000","0,8037190000",31,Route Départementale,Bidirectionnelle,2.0,Sans objet,Pente,Plat,0.0, -1,Normale,Aucun,Sur accotement,PK ou PR ou numéro d’adresse postale croissant,Sans objet,Aucun,Aucun,Inconnue,A,1,Tué,Masculin,Promenade - loisirs,Sans objet,Non renseigné ou sans objet,1954.0,Casque,80.0,Non renseigné,Non renseigné,Humaine,17,2022-02-28,68.0
202200035633,2022,11,3,07:55:00,Plein jour,En agglomération,Hors intersection,Temps couvert,Deux véhicules – par le coté,31069,DE GAULLE (AV DU GENERAL),"43,6410200000","1,3796670000",31,Voie Communale,Bidirectionnelle,2.0,Sans objet,Plat,Plat,0.0, -1,Normale,Aucun,Sur trottoir,Non renseigné,Sans objet,Véhicule,Avant,Circulant sur trottoir,B,1,Blessé hospitalisé,Masculin,Non renseigné,Sans objet,Non renseigné ou sans objet,1979.0,Non déterminable,50.0,Aucun équipement,Non renseigné,Humaine,7,2022-11-03,43.0
202200035675,2022,5,17,09:00:00,Plein jour,En agglomération,Intersection en T,Normale,Deux véhicules - frontale,31555,LARDENNE (AV DE),"43,5902000000","1,3681100000",31,Routes de métropole urbaine,Bidirectionnelle,0.0,Sans objet,Pente,Plat,0.0, -1,Normale,Aucun,Sur chaussée,PK ou PR ou numéro d’adresse postale croissant,Sans objet,Véhicule,Avant,Sans changement de direction,B,1,Blessé léger,Masculin,Domicile - travail,Non renseigné,Non renseigné,1996.0,Casque,50.0,Aucun équipement,Non renseigné,Humaine,9,2022-05-17,26.0
202200038468,2022,1,15,03:05:00,Nuit avec éclairage public allumé,En agglomération,Hors intersection,Normale,Deux véhicules – par l’arrière,31555,RUE DE METZ,"43,6005640000","1,4478980000",31,Voie Communale,A sens unique,1.0,Voie réservée,Plat,Plat,0.0, -1,Normale,Autres,Sur autre voie spéciale,PK ou PR ou numéro d’adresse postale décroissant,Sans objet,Aucun,Aucun,Inconnue,B,1,Blessé hospitalisé,Féminin,Promenade - loisirs,Non renseigné,Non renseigné,1997.0,Non déterminable,50.0,Aucun équipement,Non renseigné,Humaine,3,2022-01-15,25.0
202200042765,2022,6,12,03:45:00,Nuit avec éclairage public allumé,En agglomération,Intersection en T,Normale,Deux véhicules – par le coté,31555,BD DE STRASBOURG,"43,6086000000","1,4457400000",31,Voie Communale,Bidirectionnelle,2.0,Sans objet,Plat,Plat,0.0, -1,Normale,Aucun,Sur chaussée,Absence de repère,Sans objet,Véhicule,Avant,Traversant la chaussée,B,1,Blessé léger,Féminin,Promenade - loisirs,Non renseigné,Non renseigné,1993.0,Non déterminable,50.0,Aucun équipement,Non renseigné,Humaine,3,2022-06-12,29.0
202200045823,2022,9,15,19:30:00,Plein jour,En agglomération,Giratoire,Normale,Deux véhicules – par le coté,31202,Route de toulouse,"43,8220190000","1,3973240000",31,Route Départementale,A sens unique,1.0,Sans objet,Plat,Pente,0.0, -1,Normale,Carrefour aménagé,Sur chaussée,PK ou PR ou numéro d’adresse postale croissant,Sans objet,Véhicule,Côté droit,"Même sens, même file",B,1,Blessé hospitalisé,Masculin,Promenade - loisirs,Sans objet,Non renseigné ou sans objet,1958.0,Aucun équipement,50.0,Non renseigné,Non renseigné,Humaine,19,2022-09-15,64.0
202200046540,2022,2,19,19:25:00,Nuit avec éclairage public allumé,En agglomération,Intersection en X,Normale,Deux véhicules – par le coté,31149,TOURNEFEUILLE (ROUTE DE),"43,5916100000","1,3471200000",31,Routes de métropole urbaine,Bidirectionnelle,2.0,Sans objet,Plat,Plat,0.0, -1,Normale,Aucun,Sur chaussée,PK ou PR ou numéro d’adresse postale croissant,Sans objet,Véhicule,Avant,Autres manœuvres,A,1,Blessé hospitalisé,Masculin,Non renseigné,Non renseigné,Non renseigné,1979.0,Casque,50.0,Aucun équipement,Non renseigné,Humaine,19,2022-02-19,43.0
202200046784,2022,2,19,14:50:00,Plein jour,En agglomération,Intersection en Y,Normale,Deux véhicules – par l’arrière,31182,Avenue des Sports,"43,6851100000","1,4025570000",31,Routes de métropole urbaine,Bidirectionnelle,2.0,Sans objet,Pente,Plat,0.0,5,Normale,Pont - autopont,Sur chaussée,Absence de repère,Sans objet,Aucun,Arrière,Sans changement de direction,A,1,Blessé hospitalisé,Masculin,Promenade - loisirs,Sans objet,Non renseigné ou sans objet,1945.0,Casque,50.0,Non renseigné,Non renseigné,Humaine,14,2022-02-19,77.0
202200047292,2022,5,11,18:50:00,Plein jour,En agglomération,Intersection en X,Normale,Deux véhicules – par le coté,31286,ROUT DE SAINT JULIEN,"43,2554150000","1,1196630000",31,Route Départementale,Bidirectionnelle,0.0,Sans objet,Plat,Plat,0.0,0,Normale,Aucun,Sur chaussée,PK ou PR ou numéro d’adresse postale décroissant,Sans objet,Véhicule,Avant,En s’insérant,A,1,Blessé léger,Masculin,Promenade - loisirs,Sans objet,Non renseigné ou sans objet,2010.0,Aucun équipement,50.0,Non renseigné,Non renseigné,Humaine,18,2022-05-11,12.0
202200048824,2022,2,15,16:50:00,Plein jour,En agglomération,Hors intersection,Normale,Trois véhicules et plus - collisions multiples,31555,AV CAMILLE PUJOL,"43,6006220000","1,4645440000",31,Routes de métropole urbaine,Bidirectionnelle,2.0,Sans objet,Plat,Plat,0.0, -1,Mouillée,Aucun,Sur chaussée,PK ou PR ou numéro d’adresse postale décroissant,Sans objet,Véhicule,Côté droit,"Même sens, même file",C,1,Blessé hospitalisé,Masculin,Promenade - loisirs,Non renseigné,Non renseigné,1973.0,Non déterminable,50.0,Aucun équipement,Non renseigné,Humaine,16,2022-02-15,49.0
202200049507,2022,1,7,17:55:00,Crépuscule ou aube,Hors agglomération,Intersection en Y,Pluie légère,Deux véhicules - frontale,31338,Intersection D24 - D87,"43,6668160000","1,1793240000",31,Route Départementale,Bidirectionnelle,2.0,Sans objet,Bas de côte,Plat,0.0, -1,Mouillée,Aucun,Sur chaussée,PK ou PR ou numéro d’adresse postale croissant,Sans objet,Véhicule,Côté gauche,Sans changement de direction,B,1,Blessé léger,Masculin,Promenade - loisirs,Sans objet,Non renseigné ou sans objet,1968.0,Casque,80.0,Non renseigné,Non renseigné,Humaine,17,2022-01-07,54.0
202200050643,2022,6,8,08:00:00,Crépuscule ou aube,En agglomération,Hors intersection,Normale,Deux véhicules – par le coté,31149,BD DE L'EUROPE,"43,5981800000","1,3614900000",31,Routes de métropole urbaine,A chaussées séparées,4.0,Piste cyclable,Pente,Plat,0.0, -1,Normale,Aucun,Sur piste cyclable,PK ou PR ou numéro d’adresse postale croissant,Sans objet,Véhicule,Côté gauche,Traversant la chaussée,A,1,Blessé hospitalisé,Féminin,Domicile - travail,Non renseigné,Non renseigné,1987.0,Non déterminable,50.0,Aucun équipement,Non renseigné,Humaine,8,2022-06-08,35.0
202200051298,2022,1,6,10:30:00,Plein jour,Hors agglomération,Giratoire,Normale,Deux véhicules – par le coté,31351,N224,"43,6719300000","1,2935060000",31,Route nationale,A sens unique,1.0,Sans objet,Plat,Pente,0.0, -1,Normale,Carrefour aménagé,Sur chaussée,PK ou PR ou numéro d’adresse postale décroissant,Sans objet,Véhicule,Avant,Sans changement de direction,A,1,Blessé léger,Masculin,Promenade - loisirs,Sans objet,Non renseigné ou sans objet,1952.0,Casque,80.0,Non renseigné,Non renseigné,Humaine,10,2022-01-06,70.0
202200051643,2022,9,20,19:05:00,Plein jour,En agglomération,Hors intersection,Normale,Autre collision,31555,BAYARD (RUE DE) DU 1AU 76,"43,6100400000","1,4497800000",31,Voie Communale,Bidirectionnelle,2.0,Voie réservée,Plat,Plat,0.0, -1,Normale,Aucun,Sur chaussée,PK ou PR ou numéro d’adresse postale décroissant,Sans objet,Aucun,Arrière,Inconnue,A,1,Blessé léger,Masculin,Promenade - loisirs,Non renseigné,Non renseigné,1989.0,Non déterminable,30.0,Aucun équipement,Non renseigné,Humaine,19,2022-09-20,33.0
202200052085,2022,7,9,13:30:00,Plein jour,En agglomération,Hors intersection,Normale,Deux véhicules – par le coté,31033,25 Rue Ferdinand Buisson,"43,3514630000","1,4731120000",31,Route Départementale,A chaussées séparées,2.0,Sans objet,Bas de côte,Plat,0.0, -1,Normale,Carrefour aménagé,Sur chaussée,PK ou PR ou numéro d’adresse postale décroissant,Sans objet,Véhicule,Côté gauche,Sans changement de direction,B,1,Blessé léger,Masculin,Promenade - loisirs,Sans objet,Non renseigné ou sans objet,1976.0,Casque,30.0,Non renseigné,Non renseigné,Humaine,13,2022-07-09,46.0
202200052093,2022,7,9,16:30:00,Plein jour,Hors agglomération,Intersection en X,Normale,Deux véhicules – par le coté,31553,INTERSECTION D89 / CHEMIN DE LA MALLE,"43,6901720000","1,1704620000",31,Route Départementale,Bidirectionnelle,2.0,Sans objet,Plat,Plat,0.0, -1,Normale,Aucun,Sur chaussée,Absence de repère,Sans objet,Véhicule,Avant,Tournant à droite,B,1,Blessé hospitalisé,Masculin,Promenade - loisirs,Sans objet,Non renseigné ou sans objet,1974.0,Casque,80.0,Non renseigné,Non renseigné,Humaine,16,2022-07-09,48.0
202200052254,2022,3,27,17:45:00,Plein jour,En agglomération,Hors intersection,Normale,Deux véhicules – par le coté,31555,CHE DE LESTANG,"43,5610690235","1,3949069381",31,Voie Communale,Bidirectionnelle,2.0,Sans objet,Plat,Plat,0.0, -1,Normale,Aucun,Sur chaussée,PK ou PR ou numéro d’adresse postale décroissant,Sans objet,Véhicule,Côté gauche,Sans changement de direction,B,1,Blessé léger,Masculin,Promenade - loisirs,Non renseigné,Non renseigné,2004.0,Non déterminable,50.0,Aucun équipement,Non renseigné,Humaine,17,2022-03-27,18.0
202200052262,2022,3,25,17:00:00,Plein jour,En agglomération,Intersection en T,Normale,Deux véhicules – par le coté,31149,ADOUR (ALLEE DE L'),"43,6050335809","1,3214197755",31,Voie Communale,Bidirectionnelle,2.0,Sans objet,Plat,Plat,0.0, -1,Normale,Aucun,Sur chaussée,Absence de repère,Sans objet,Véhicule,Avant droit,Sans changement de direction,Y,1,Blessé léger,Masculin,Non renseigné,Non renseigné,Non renseigné,1998.0,Non déterminable,50.0,Aucun équipement,Non renseigné,Humaine,17,2022-03-25,24.0
202200052415,2022,8,10,09:49:00,Plein jour,En agglomération,Giratoire,Normale,Deux véhicules – par le coté,31555,BOULINGRIN (ROND POINT DU) DU 5AU 9,"43,5948630000","1,4533170000",31,Voie Communale,A sens unique,3.0,Piste cyclable,Plat,Pente,0.0, -1,Normale,Aucun,Sur chaussée,PK ou PR ou numéro d’adresse postale croissant,Sans objet,Véhicule,Avant gauche,Inconnue,B,1,Blessé léger,Masculin,Non renseigné,Non renseigné,Non renseigné,1947.0,Aucun équipement,50.0,Aucun équipement,Non renseigné,Humaine,9,2022-08-10,75.0
202200053493,2022,9,19,09:15:00,Plein jour,En agglomération,Giratoire,Temps éblouissant,Deux véhicules – par le coté,31149,Boulevard Eugène Montel,"43,6110658069","1,3365152478",31,Routes de métropole urbaine,Non renseigné,2.0,Piste cyclable,Plat,Plat,0.0, -1,Normale,Aucun,Sur chaussée,PK ou PR ou numéro d’adresse postale croissant,Sans objet,Véhicule,Côté droit,"Dans le couloir bus, dans le même sens",B,1,Blessé léger,Masculin,Promenade - loisirs,Non renseigné,Non renseigné,1959.0,Casque,50.0,Aucun équipement,Non renseigné,Humaine,9,2022-09-19,63.0
202200054014,2022,3,26,12:00:00,Plein jour,Hors agglomération,Intersection en X,Normale,Deux véhicules – par le coté,31285,D59,"43,6316020000","1,5999700000",31,Route Départementale,Bidirectionnelle,2.0,Sans objet,Plat,Plat,0.0, -1,Normale,Aucun,Sur chaussée,PK ou PR ou numéro d’adresse postale croissant,Sans objet,Véhicule,Côté droit,Tournant à droite,C,1,Blessé hospitalisé,Masculin,Promenade - loisirs,Sans objet,Non renseigné ou sans objet,1938.0,Casque,80.0,Non renseigné,Non renseigné,Humaine,12,2022-03-26,84.0
202200054421,2022,3,27,11:26:00,Plein jour,En agglomération,Hors intersection,Normale,Deux véhicules – par le coté,31395,Route d Eaunes,"43,4510500000","1,3332350000",31,Route Départementale,Bidirectionnelle,2.0,Sans objet,Pente,Sommet de côte,0.0, -1,Normale,Aucun,Sur chaussée,PK ou PR ou numéro d’adresse postale décroissant,Sans objet,Véhicule,Côté droit,Autres manœuvres,B,1,Blessé hospitalisé,Masculin,Promenade - loisirs,Sans objet,Non renseigné ou sans objet,1948.0,Casque,-1.0,Non renseigné,Non renseigné,Humaine,11,2022-03-27,74.0